{
  "study": "deletion-cost-scenario-05",
  "variants": [
    "baseline",
    "largest_first",
    "random",
    "smallest_first",
    "unallocated_vcpu"
  ],
  "runs_per_variant": 50,
  "per_variant": {
    "baseline": {
      "total_cost_per_hour": {
        "mean": 1.6358399999999997,
        "median": 1.632,
        "p90": 1.8239999999999998,
        "p99": 1.8239999999999998
      },
      "node_count": {
        "mean": 9.02,
        "median": 9.0,
        "p90": 10.0,
        "p99": 10.0
      },
      "running_pods": {
        "mean": 12.0,
        "median": 12.0,
        "p90": 12.0,
        "p99": 12.0
      },
      "pending_pods": {
        "mean": 0.0,
        "median": 0.0,
        "p90": 0.0,
        "p99": 0.0
      },
      "events_processed": {
        "mean": 100000.0,
        "median": 100000.0,
        "p90": 100000.0,
        "p99": 100000.0
      },
      "final_time": {
        "mean": 1496160600000000.2,
        "median": 1496040000000001.0,
        "p90": 1497120000000001.0,
        "p99": 1497780000000001.0
      }
    },
    "largest_first": {
      "total_cost_per_hour": {
        "mean": 1.4707199999999991,
        "median": 1.44,
        "p90": 1.8239999999999998,
        "p99": 2.016
      },
      "node_count": {
        "mean": 8.16,
        "median": 8.0,
        "p90": 10.0,
        "p99": 11.0
      },
      "running_pods": {
        "mean": 12.0,
        "median": 12.0,
        "p90": 12.0,
        "p99": 12.0
      },
      "pending_pods": {
        "mean": 0.0,
        "median": 0.0,
        "p90": 0.0,
        "p99": 0.0
      },
      "events_processed": {
        "mean": 100000.0,
        "median": 100000.0,
        "p90": 100000.0,
        "p99": 100000.0
      },
      "final_time": {
        "mean": 598447800000001.1,
        "median": 598410000000001.5,
        "p90": 598830000000001.0,
        "p99": 599080000000002.0
      }
    },
    "random": {
      "total_cost_per_hour": {
        "mean": 1.4707199999999991,
        "median": 1.44,
        "p90": 1.8239999999999998,
        "p99": 2.016
      },
      "node_count": {
        "mean": 8.16,
        "median": 8.0,
        "p90": 10.0,
        "p99": 11.0
      },
      "running_pods": {
        "mean": 12.0,
        "median": 12.0,
        "p90": 12.0,
        "p99": 12.0
      },
      "pending_pods": {
        "mean": 0.0,
        "median": 0.0,
        "p90": 0.0,
        "p99": 0.0
      },
      "events_processed": {
        "mean": 100000.0,
        "median": 100000.0,
        "p90": 100000.0,
        "p99": 100000.0
      },
      "final_time": {
        "mean": 598447800000001.1,
        "median": 598410000000001.5,
        "p90": 598830000000001.0,
        "p99": 599080000000002.0
      }
    },
    "smallest_first": {
      "total_cost_per_hour": {
        "mean": 1.4707199999999991,
        "median": 1.44,
        "p90": 1.8239999999999998,
        "p99": 2.016
      },
      "node_count": {
        "mean": 8.16,
        "median": 8.0,
        "p90": 10.0,
        "p99": 11.0
      },
      "running_pods": {
        "mean": 12.0,
        "median": 12.0,
        "p90": 12.0,
        "p99": 12.0
      },
      "pending_pods": {
        "mean": 0.0,
        "median": 0.0,
        "p90": 0.0,
        "p99": 0.0
      },
      "events_processed": {
        "mean": 100000.0,
        "median": 100000.0,
        "p90": 100000.0,
        "p99": 100000.0
      },
      "final_time": {
        "mean": 598447800000001.1,
        "median": 598410000000001.5,
        "p90": 598830000000001.0,
        "p99": 599080000000002.0
      }
    },
    "unallocated_vcpu": {
      "total_cost_per_hour": {
        "mean": 1.4515199999999993,
        "median": 1.44,
        "p90": 1.8239999999999998,
        "p99": 1.8239999999999998
      },
      "node_count": {
        "mean": 8.06,
        "median": 8.0,
        "p90": 10.0,
        "p99": 10.0
      },
      "running_pods": {
        "mean": 12.0,
        "median": 12.0,
        "p90": 12.0,
        "p99": 12.0
      },
      "pending_pods": {
        "mean": 0.0,
        "median": 0.0,
        "p90": 0.0,
        "p99": 0.0
      },
      "events_processed": {
        "mean": 100000.0,
        "median": 100000.0,
        "p90": 100000.0,
        "p99": 100000.0
      },
      "final_time": {
        "mean": 598446200000001.1,
        "median": 598410000000001.0,
        "p90": 598820000000002.0,
        "p99": 599100000000001.0
      }
    }
  }
}