{
  "study": "deletion-cost-scenario-01",
  "variants": [
    "baseline",
    "largest_first",
    "random",
    "smallest_first",
    "unallocated_vcpu"
  ],
  "runs_per_variant": 50,
  "per_variant": {
    "baseline": {
      "total_cost_per_hour": {
        "mean": 0.2880000000000002,
        "median": 0.28800000000000003,
        "p90": 0.28800000000000003,
        "p99": 0.28800000000000003
      },
      "node_count": {
        "mean": 2.0,
        "median": 2.0,
        "p90": 2.0,
        "p99": 2.0
      },
      "running_pods": {
        "mean": 1.0,
        "median": 1.0,
        "p90": 1.0,
        "p99": 1.0
      },
      "pending_pods": {
        "mean": 1.0,
        "median": 1.0,
        "p90": 1.0,
        "p99": 1.0
      },
      "events_processed": {
        "mean": 100000.0,
        "median": 100000.0,
        "p90": 100000.0,
        "p99": 100000.0
      },
      "final_time": {
        "mean": 1499730000000000.2,
        "median": 1499730000000001.0,
        "p90": 1499730000000001.0,
        "p99": 1499730000000001.0
      }
    },
    "largest_first": {
      "total_cost_per_hour": {
        "mean": 0.3840000000000002,
        "median": 0.384,
        "p90": 0.384,
        "p99": 0.384
      },
      "node_count": {
        "mean": 3.0,
        "median": 3.0,
        "p90": 3.0,
        "p99": 3.0
      },
      "running_pods": {
        "mean": 1.0,
        "median": 1.0,
        "p90": 1.0,
        "p99": 1.0
      },
      "pending_pods": {
        "mean": 1.0,
        "median": 1.0,
        "p90": 1.0,
        "p99": 1.0
      },
      "events_processed": {
        "mean": 100000.0,
        "median": 100000.0,
        "p90": 100000.0,
        "p99": 100000.0
      },
      "final_time": {
        "mean": 599910000000000.4,
        "median": 599910000000001.0,
        "p90": 599910000000001.0,
        "p99": 599910000000001.0
      }
    },
    "random": {
      "total_cost_per_hour": {
        "mean": 0.3840000000000002,
        "median": 0.384,
        "p90": 0.384,
        "p99": 0.384
      },
      "node_count": {
        "mean": 3.0,
        "median": 3.0,
        "p90": 3.0,
        "p99": 3.0
      },
      "running_pods": {
        "mean": 1.0,
        "median": 1.0,
        "p90": 1.0,
        "p99": 1.0
      },
      "pending_pods": {
        "mean": 1.0,
        "median": 1.0,
        "p90": 1.0,
        "p99": 1.0
      },
      "events_processed": {
        "mean": 100000.0,
        "median": 100000.0,
        "p90": 100000.0,
        "p99": 100000.0
      },
      "final_time": {
        "mean": 599910000000000.4,
        "median": 599910000000001.0,
        "p90": 599910000000001.0,
        "p99": 599910000000001.0
      }
    },
    "smallest_first": {
      "total_cost_per_hour": {
        "mean": 0.2880000000000002,
        "median": 0.28800000000000003,
        "p90": 0.28800000000000003,
        "p99": 0.28800000000000003
      },
      "node_count": {
        "mean": 2.0,
        "median": 2.0,
        "p90": 2.0,
        "p99": 2.0
      },
      "running_pods": {
        "mean": 1.0,
        "median": 1.0,
        "p90": 1.0,
        "p99": 1.0
      },
      "pending_pods": {
        "mean": 1.0,
        "median": 1.0,
        "p90": 1.0,
        "p99": 1.0
      },
      "events_processed": {
        "mean": 100000.0,
        "median": 100000.0,
        "p90": 100000.0,
        "p99": 100000.0
      },
      "final_time": {
        "mean": 599890000000001.2,
        "median": 599890000000002.0,
        "p90": 599890000000002.0,
        "p99": 599890000000002.0
      }
    },
    "unallocated_vcpu": {
      "total_cost_per_hour": {
        "mean": 0.3840000000000002,
        "median": 0.384,
        "p90": 0.384,
        "p99": 0.384
      },
      "node_count": {
        "mean": 3.0,
        "median": 3.0,
        "p90": 3.0,
        "p99": 3.0
      },
      "running_pods": {
        "mean": 1.0,
        "median": 1.0,
        "p90": 1.0,
        "p99": 1.0
      },
      "pending_pods": {
        "mean": 1.0,
        "median": 1.0,
        "p90": 1.0,
        "p99": 1.0
      },
      "events_processed": {
        "mean": 100000.0,
        "median": 100000.0,
        "p90": 100000.0,
        "p99": 100000.0
      },
      "final_time": {
        "mean": 599910000000000.4,
        "median": 599910000000001.0,
        "p90": 599910000000001.0,
        "p99": 599910000000001.0
      }
    }
  }
}