{
  "study": "benchmark-control",
  "variants": [
    "baseline"
  ],
  "runs_per_variant": 50,
  "per_variant": {
    "baseline": {
      "cumulative_cost": {
        "mean": 0.0,
        "median": 0.0,
        "p90": 0.0,
        "p99": 0.0
      },
      "time_weighted_node_count": {
        "mean": 0.0,
        "median": 0.0,
        "p90": 0.0,
        "p99": 0.0
      },
      "time_to_stable": {
        "mean": 0.0,
        "median": 0.0,
        "p90": 0.0,
        "p99": 0.0
      },
      "cumulative_pending_pod_seconds": {
        "mean": 0.0,
        "median": 0.0,
        "p90": 0.0,
        "p99": 0.0
      },
      "disruption_count": {
        "mean": 0.0,
        "median": 0.0,
        "p90": 0.0,
        "p99": 0.0
      },
      "disruption_seconds": {
        "mean": 0.0,
        "median": 0.0,
        "p90": 0.0,
        "p99": 0.0
      },
      "peak_node_count": {
        "mean": 188.0,
        "median": 188.0,
        "p90": 188.0,
        "p99": 188.0
      },
      "peak_cost_rate": {
        "mean": 72.19200000000002,
        "median": 72.19200000000005,
        "p90": 72.19200000000005,
        "p99": 72.19200000000005
      }
    }
  },
  "per_variant_diagnostic": {
    "baseline": {
      "total_cost_per_hour": {
        "mean": 72.19200000000002,
        "median": 72.19200000000005,
        "p90": 72.19200000000005,
        "p99": 72.19200000000005
      },
      "node_count": {
        "mean": 188.0,
        "median": 188.0,
        "p90": 188.0,
        "p99": 188.0
      },
      "running_pods": {
        "mean": 20.0,
        "median": 20.0,
        "p90": 20.0,
        "p99": 20.0
      },
      "pending_pods": {
        "mean": 0.0,
        "median": 0.0,
        "p90": 0.0,
        "p99": 0.0
      },
      "events_processed": {
        "mean": 100000.0,
        "median": 100000.0,
        "p90": 100000.0,
        "p99": 100000.0
      },
      "final_time": {
        "mean": 2988300000000000.5,
        "median": 2988300000000001.0,
        "p90": 2988300000000001.0,
        "p99": 2988300000000001.0
      }
    }
  }
}