{
  "study": "deletion-cost-scenario-04",
  "variants": [
    "baseline",
    "largest_first",
    "random",
    "smallest_first",
    "unallocated_vcpu"
  ],
  "runs_per_variant": 50,
  "per_variant": {
    "baseline": {
      "total_cost_per_hour": {
        "mean": 1.5129599999999994,
        "median": 1.44,
        "p90": 1.8239999999999998,
        "p99": 1.8239999999999998
      },
      "node_count": {
        "mean": 8.38,
        "median": 8.0,
        "p90": 10.0,
        "p99": 10.0
      },
      "running_pods": {
        "mean": 12.0,
        "median": 12.0,
        "p90": 12.0,
        "p99": 12.0
      },
      "pending_pods": {
        "mean": 0.0,
        "median": 0.0,
        "p90": 0.0,
        "p99": 0.0
      },
      "events_processed": {
        "mean": 100000.0,
        "median": 100000.0,
        "p90": 100000.0,
        "p99": 100000.0
      },
      "final_time": {
        "mean": 1495085400000000.2,
        "median": 1495200000000001.0,
        "p90": 1496130000000001.0,
        "p99": 1497810000000001.0
      }
    },
    "largest_first": {
      "total_cost_per_hour": {
        "mean": 1.5283199999999995,
        "median": 1.44,
        "p90": 1.8239999999999998,
        "p99": 2.016
      },
      "node_count": {
        "mean": 8.46,
        "median": 8.0,
        "p90": 10.0,
        "p99": 11.0
      },
      "running_pods": {
        "mean": 12.0,
        "median": 12.0,
        "p90": 12.0,
        "p99": 12.0
      },
      "pending_pods": {
        "mean": 0.0,
        "median": 0.0,
        "p90": 0.0,
        "p99": 0.0
      },
      "events_processed": {
        "mean": 100000.0,
        "median": 100000.0,
        "p90": 100000.0,
        "p99": 100000.0
      },
      "final_time": {
        "mean": 598028600000001.1,
        "median": 598060000000002.0,
        "p90": 598460000000002.0,
        "p99": 599100000000002.0
      }
    },
    "random": {
      "total_cost_per_hour": {
        "mean": 1.5283199999999995,
        "median": 1.44,
        "p90": 1.8239999999999998,
        "p99": 2.016
      },
      "node_count": {
        "mean": 8.46,
        "median": 8.0,
        "p90": 10.0,
        "p99": 11.0
      },
      "running_pods": {
        "mean": 12.0,
        "median": 12.0,
        "p90": 12.0,
        "p99": 12.0
      },
      "pending_pods": {
        "mean": 0.0,
        "median": 0.0,
        "p90": 0.0,
        "p99": 0.0
      },
      "events_processed": {
        "mean": 100000.0,
        "median": 100000.0,
        "p90": 100000.0,
        "p99": 100000.0
      },
      "final_time": {
        "mean": 598028600000001.1,
        "median": 598060000000002.0,
        "p90": 598460000000002.0,
        "p99": 599100000000002.0
      }
    },
    "smallest_first": {
      "total_cost_per_hour": {
        "mean": 1.5283199999999995,
        "median": 1.44,
        "p90": 1.8239999999999998,
        "p99": 2.016
      },
      "node_count": {
        "mean": 8.46,
        "median": 8.0,
        "p90": 10.0,
        "p99": 11.0
      },
      "running_pods": {
        "mean": 12.0,
        "median": 12.0,
        "p90": 12.0,
        "p99": 12.0
      },
      "pending_pods": {
        "mean": 0.0,
        "median": 0.0,
        "p90": 0.0,
        "p99": 0.0
      },
      "events_processed": {
        "mean": 100000.0,
        "median": 100000.0,
        "p90": 100000.0,
        "p99": 100000.0
      },
      "final_time": {
        "mean": 598028600000001.1,
        "median": 598060000000002.0,
        "p90": 598460000000002.0,
        "p99": 599100000000002.0
      }
    },
    "unallocated_vcpu": {
      "total_cost_per_hour": {
        "mean": 1.228799999999999,
        "median": 1.248,
        "p90": 1.44,
        "p99": 1.632
      },
      "node_count": {
        "mean": 6.9,
        "median": 7.0,
        "p90": 8.0,
        "p99": 9.0
      },
      "running_pods": {
        "mean": 12.0,
        "median": 12.0,
        "p90": 12.0,
        "p99": 12.0
      },
      "pending_pods": {
        "mean": 0.0,
        "median": 0.0,
        "p90": 0.0,
        "p99": 0.0
      },
      "events_processed": {
        "mean": 100000.0,
        "median": 100000.0,
        "p90": 100000.0,
        "p99": 100000.0
      },
      "final_time": {
        "mean": 598010000000001.0,
        "median": 598045000000001.5,
        "p90": 598440000000001.0,
        "p99": 599100000000001.0
      }
    }
  }
}