{
  "study": "deletion-cost-scenario-03",
  "variants": [
    "baseline",
    "largest_first",
    "random",
    "smallest_first",
    "unallocated_vcpu"
  ],
  "runs_per_variant": 50,
  "per_variant": {
    "baseline": {
      "total_cost_per_hour": {
        "mean": 0.5376000000000003,
        "median": 0.48000000000000004,
        "p90": 0.8640000000000001,
        "p99": 1.248
      },
      "node_count": {
        "mean": 3.3,
        "median": 3.0,
        "p90": 5.0,
        "p99": 7.0
      },
      "running_pods": {
        "mean": 5.68,
        "median": 5.5,
        "p90": 7.0,
        "p99": 10.0
      },
      "pending_pods": {
        "mean": 37.24,
        "median": 38.5,
        "p90": 49.0,
        "p99": 49.0
      },
      "events_processed": {
        "mean": 100000.0,
        "median": 100000.0,
        "p90": 100000.0,
        "p99": 100000.0
      },
      "final_time": {
        "mean": 1491238200000000.2,
        "median": 1490955000000001.0,
        "p90": 1492290000000001.0,
        "p99": 1493550000000001.0
      }
    },
    "largest_first": {
      "total_cost_per_hour": {
        "mean": 0.5990400000000003,
        "median": 0.48000000000000004,
        "p90": 0.8640000000000001,
        "p99": 1.632
      },
      "node_count": {
        "mean": 3.62,
        "median": 3.0,
        "p90": 5.0,
        "p99": 9.0
      },
      "running_pods": {
        "mean": 5.68,
        "median": 5.5,
        "p90": 7.0,
        "p99": 10.0
      },
      "pending_pods": {
        "mean": 37.24,
        "median": 38.5,
        "p90": 49.0,
        "p99": 49.0
      },
      "events_processed": {
        "mean": 100000.0,
        "median": 100000.0,
        "p90": 100000.0,
        "p99": 100000.0
      },
      "final_time": {
        "mean": 596491800000001.0,
        "median": 596380000000002.0,
        "p90": 596910000000001.0,
        "p99": 597420000000001.0
      }
    },
    "random": {
      "total_cost_per_hour": {
        "mean": 0.5990400000000003,
        "median": 0.48000000000000004,
        "p90": 0.8640000000000001,
        "p99": 1.632
      },
      "node_count": {
        "mean": 3.62,
        "median": 3.0,
        "p90": 5.0,
        "p99": 9.0
      },
      "running_pods": {
        "mean": 5.68,
        "median": 5.5,
        "p90": 7.0,
        "p99": 10.0
      },
      "pending_pods": {
        "mean": 37.24,
        "median": 38.5,
        "p90": 49.0,
        "p99": 49.0
      },
      "events_processed": {
        "mean": 100000.0,
        "median": 100000.0,
        "p90": 100000.0,
        "p99": 100000.0
      },
      "final_time": {
        "mean": 596491800000001.0,
        "median": 596380000000002.0,
        "p90": 596910000000001.0,
        "p99": 597420000000001.0
      }
    },
    "smallest_first": {
      "total_cost_per_hour": {
        "mean": 0.5990400000000003,
        "median": 0.48000000000000004,
        "p90": 0.8640000000000001,
        "p99": 1.632
      },
      "node_count": {
        "mean": 3.62,
        "median": 3.0,
        "p90": 5.0,
        "p99": 9.0
      },
      "running_pods": {
        "mean": 5.68,
        "median": 5.5,
        "p90": 7.0,
        "p99": 10.0
      },
      "pending_pods": {
        "mean": 37.24,
        "median": 38.5,
        "p90": 49.0,
        "p99": 49.0
      },
      "events_processed": {
        "mean": 100000.0,
        "median": 100000.0,
        "p90": 100000.0,
        "p99": 100000.0
      },
      "final_time": {
        "mean": 596491800000001.0,
        "median": 596380000000002.0,
        "p90": 596910000000001.0,
        "p99": 597420000000001.0
      }
    },
    "unallocated_vcpu": {
      "total_cost_per_hour": {
        "mean": 0.5068800000000003,
        "median": 0.48000000000000004,
        "p90": 0.672,
        "p99": 1.248
      },
      "node_count": {
        "mean": 3.14,
        "median": 3.0,
        "p90": 4.0,
        "p99": 7.0
      },
      "running_pods": {
        "mean": 5.68,
        "median": 5.5,
        "p90": 7.0,
        "p99": 10.0
      },
      "pending_pods": {
        "mean": 37.24,
        "median": 38.5,
        "p90": 49.0,
        "p99": 49.0
      },
      "events_processed": {
        "mean": 100000.0,
        "median": 100000.0,
        "p90": 100000.0,
        "p99": 100000.0
      },
      "final_time": {
        "mean": 596486400000001.1,
        "median": 596375000000001.5,
        "p90": 596900000000002.0,
        "p99": 597420000000001.0
      }
    }
  }
}