{
  "study": "worst_case_01",
  "variants": [
    "least_allocated",
    "most_allocated"
  ],
  "runs_per_variant": 50,
  "per_variant": {
    "least_allocated": {
      "total_cost_per_hour": {
        "mean": 19.769880000000015,
        "median": 19.455000000000013,
        "p90": 25.599000000000018,
        "p99": 27.13500000000002
      },
      "node_count": {
        "mean": 53.82,
        "median": 53.0,
        "p90": 69.0,
        "p99": 73.0
      },
      "running_pods": {
        "mean": 117.22,
        "median": 118.5,
        "p90": 149.0,
        "p99": 152.0
      },
      "pending_pods": {
        "mean": 35.86,
        "median": 34.5,
        "p90": 70.0,
        "p99": 81.0
      },
      "events_processed": {
        "mean": 100000.0,
        "median": 100000.0,
        "p90": 100000.0,
        "p99": 100000.0
      },
      "final_time": {
        "mean": 1494912000000000.2,
        "median": 1494945000000001.0,
        "p90": 1495560000000001.0,
        "p99": 1495740000000001.0
      }
    },
    "most_allocated": {
      "total_cost_per_hour": {
        "mean": 18.525720000000014,
        "median": 17.53500000000001,
        "p90": 25.599000000000018,
        "p99": 27.13500000000002
      },
      "node_count": {
        "mean": 50.58,
        "median": 48.0,
        "p90": 69.0,
        "p99": 73.0
      },
      "running_pods": {
        "mean": 111.12,
        "median": 108.5,
        "p90": 145.0,
        "p99": 151.0
      },
      "pending_pods": {
        "mean": 41.76,
        "median": 45.5,
        "p90": 72.0,
        "p99": 82.0
      },
      "events_processed": {
        "mean": 100000.0,
        "median": 100000.0,
        "p90": 100000.0,
        "p99": 100000.0
      },
      "final_time": {
        "mean": 1494765600000000.2,
        "median": 1494720000000001.0,
        "p90": 1495560000000001.0,
        "p99": 1495740000000001.0
      }
    }
  },
  "comparison": [
    {
      "metric": "total_cost_per_hour",
      "winner": "most_allocated",
      "delta": 1.24416,
      "effect_pct": 6.7159,
      "p_value": 0.216726,
      "ci_low": -0.79104,
      "ci_high": 3.28704
    },
    {
      "metric": "node_count",
      "winner": "most_allocated",
      "delta": 3.24,
      "effect_pct": 6.4057,
      "p_value": 0.216726,
      "ci_low": -2.06,
      "ci_high": 8.56
    },
    {
      "metric": "running_pods",
      "winner": "most_allocated",
      "delta": 6.1,
      "effect_pct": 5.4896,
      "p_value": 0.200846,
      "ci_low": -3.3405,
      "ci_high": 15.28
    },
    {
      "metric": "pending_pods",
      "winner": "least_allocated",
      "delta": -5.9,
      "effect_pct": -14.1284,
      "p_value": 0.196037,
      "ci_low": -14.86,
      "ci_high": 3.301
    },
    {
      "metric": "events_processed",
      "winner": "tie",
      "delta": 0.0,
      "effect_pct": 0.0,
      "p_value": 1.0,
      "ci_low": 0.0,
      "ci_high": 0.0
    },
    {
      "metric": "final_time",
      "winner": "most_allocated",
      "delta": 146400000000.0,
      "effect_pct": 0.0098,
      "p_value": 0.191215,
      "ci_low": -85214999999.99994,
      "ci_high": 373800000000.0
    }
  ]
}