{
  "study": "deletion-cost-ranking-comparison",
  "variants": [
    "baseline",
    "largest_first",
    "random",
    "smallest_first",
    "unallocated_vcpu"
  ],
  "runs_per_variant": 100,
  "per_variant": {
    "baseline": {
      "total_cost_per_hour": {
        "mean": 2.3040000000000016,
        "median": 2.3040000000000003,
        "p90": 2.3040000000000003,
        "p99": 2.3040000000000003
      },
      "node_count": {
        "mean": 8.0,
        "median": 8.0,
        "p90": 8.0,
        "p99": 8.0
      },
      "running_pods": {
        "mean": 10.39,
        "median": 12.0,
        "p90": 12.0,
        "p99": 12.0
      },
      "pending_pods": {
        "mean": 4.61,
        "median": 3.0,
        "p90": 9.0,
        "p99": 9.0
      },
      "events_processed": {
        "mean": 100000.0,
        "median": 100000.0,
        "p90": 100000.0,
        "p99": 100000.0
      },
      "final_time": {
        "mean": 1499413800000000.2,
        "median": 1499430000000001.0,
        "p90": 1499490000000001.0,
        "p99": 1499550000000001.0
      }
    },
    "largest_first": {
      "total_cost_per_hour": {
        "mean": 2.3040000000000016,
        "median": 2.3040000000000003,
        "p90": 2.3040000000000003,
        "p99": 2.3040000000000003
      },
      "node_count": {
        "mean": 8.0,
        "median": 8.0,
        "p90": 8.0,
        "p99": 8.0
      },
      "running_pods": {
        "mean": 14.52,
        "median": 15.0,
        "p90": 15.0,
        "p99": 15.0
      },
      "pending_pods": {
        "mean": 0.48,
        "median": 0.0,
        "p90": 2.0,
        "p99": 2.0
      },
      "events_processed": {
        "mean": 100000.0,
        "median": 100000.0,
        "p90": 100000.0,
        "p99": 100000.0
      },
      "final_time": {
        "mean": 599764500000000.6,
        "median": 599770000000002.0,
        "p90": 599790000000002.0,
        "p99": 599820000000001.0
      }
    },
    "random": {
      "total_cost_per_hour": {
        "mean": 2.3040000000000016,
        "median": 2.3040000000000003,
        "p90": 2.3040000000000003,
        "p99": 2.3040000000000003
      },
      "node_count": {
        "mean": 8.0,
        "median": 8.0,
        "p90": 8.0,
        "p99": 8.0
      },
      "running_pods": {
        "mean": 4.1,
        "median": 5.0,
        "p90": 5.0,
        "p99": 5.0
      },
      "pending_pods": {
        "mean": 10.9,
        "median": 10.0,
        "p90": 13.0,
        "p99": 13.0
      },
      "events_processed": {
        "mean": 100000.0,
        "median": 100000.0,
        "p90": 100000.0,
        "p99": 100000.0
      },
      "final_time": {
        "mean": 599756400000000.5,
        "median": 599760000000002.0,
        "p90": 599790000000001.0,
        "p99": 599820000000001.0
      }
    },
    "smallest_first": {
      "total_cost_per_hour": {
        "mean": 2.3040000000000016,
        "median": 2.3040000000000003,
        "p90": 2.3040000000000003,
        "p99": 2.3040000000000003
      },
      "node_count": {
        "mean": 8.0,
        "median": 8.0,
        "p90": 8.0,
        "p99": 8.0
      },
      "running_pods": {
        "mean": 4.79,
        "median": 5.0,
        "p90": 5.0,
        "p99": 10.0
      },
      "pending_pods": {
        "mean": 10.21,
        "median": 10.0,
        "p90": 13.0,
        "p99": 13.0
      },
      "events_processed": {
        "mean": 100000.0,
        "median": 100000.0,
        "p90": 100000.0,
        "p99": 100000.0
      },
      "final_time": {
        "mean": 599758900000000.5,
        "median": 599760000000002.0,
        "p90": 599790000000001.0,
        "p99": 599820000000001.0
      }
    },
    "unallocated_vcpu": {
      "total_cost_per_hour": {
        "mean": 2.3040000000000016,
        "median": 2.3040000000000003,
        "p90": 2.3040000000000003,
        "p99": 2.3040000000000003
      },
      "node_count": {
        "mean": 8.0,
        "median": 8.0,
        "p90": 8.0,
        "p99": 8.0
      },
      "running_pods": {
        "mean": 8.47,
        "median": 6.0,
        "p90": 14.0,
        "p99": 14.0
      },
      "pending_pods": {
        "mean": 6.53,
        "median": 9.0,
        "p90": 10.0,
        "p99": 13.0
      },
      "events_processed": {
        "mean": 100000.0,
        "median": 100000.0,
        "p90": 100000.0,
        "p99": 100000.0
      },
      "final_time": {
        "mean": 599759300000000.5,
        "median": 599760000000002.0,
        "p90": 599790000000001.0,
        "p99": 599820000000001.0
      }
    }
  }
}