{
  "study": "deletion-cost-ranking-comparison",
  "variants": [
    "baseline",
    "largest_first",
    "random",
    "smallest_first",
    "unallocated_vcpu"
  ],
  "runs_per_variant": 100,
  "per_variant": {
    "baseline": {
      "cumulative_cost": {
        "mean": 2284.2383359991713,
        "median": 2239.462400000289,
        "p90": 2559.33439999745,
        "p99": 2879.193600003696
      },
      "time_weighted_node_count": {
        "mean": 21414734.4,
        "median": 20994960.0,
        "p90": 23993760.0,
        "p99": 26992440.0
      },
      "time_to_stable": {
        "mean": 0.0,
        "median": 0.0,
        "p90": 0.0,
        "p99": 0.0
      },
      "cumulative_pending_pod_seconds": {
        "mean": 0.0,
        "median": 0.0,
        "p90": 0.0,
        "p99": 0.0
      },
      "disruption_count": {
        "mean": 0.0,
        "median": 0.0,
        "p90": 0.0,
        "p99": 0.0
      },
      "disruption_seconds": {
        "mean": 0.0,
        "median": 0.0,
        "p90": 0.0,
        "p99": 0.0
      },
      "peak_node_count": {
        "mean": 7.14,
        "median": 7.0,
        "p90": 8.0,
        "p99": 9.0
      },
      "peak_cost_rate": {
        "mean": 2.7417599999999993,
        "median": 2.6879999999999997,
        "p90": 3.0719999999999996,
        "p99": 3.4559999999999995
      }
    },
    "largest_first": {
      "cumulative_cost": {
        "mean": 571.0424000001263,
        "median": 559.8431999999783,
        "p90": 639.8208000002176,
        "p99": 719.7696000002045
      },
      "time_weighted_node_count": {
        "mean": 5353522.5,
        "median": 5248530.0,
        "p90": 5998320.0,
        "p99": 6747840.0
      },
      "time_to_stable": {
        "mean": 0.0,
        "median": 0.0,
        "p90": 0.0,
        "p99": 0.0
      },
      "cumulative_pending_pod_seconds": {
        "mean": 0.0,
        "median": 0.0,
        "p90": 0.0,
        "p99": 0.0
      },
      "disruption_count": {
        "mean": 0.0,
        "median": 0.0,
        "p90": 0.0,
        "p99": 0.0
      },
      "disruption_seconds": {
        "mean": 0.0,
        "median": 0.0,
        "p90": 0.0,
        "p99": 0.0
      },
      "peak_node_count": {
        "mean": 7.14,
        "median": 7.0,
        "p90": 8.0,
        "p99": 9.0
      },
      "peak_cost_rate": {
        "mean": 2.7417599999999993,
        "median": 2.6879999999999997,
        "p90": 3.0719999999999996,
        "p99": 3.4559999999999995
      }
    },
    "random": {
      "cumulative_cost": {
        "mean": 571.0424000001263,
        "median": 559.8431999999783,
        "p90": 639.8208000002176,
        "p99": 719.7696000002045
      },
      "time_weighted_node_count": {
        "mean": 5353522.5,
        "median": 5248530.0,
        "p90": 5998320.0,
        "p99": 6747840.0
      },
      "time_to_stable": {
        "mean": 0.0,
        "median": 0.0,
        "p90": 0.0,
        "p99": 0.0
      },
      "cumulative_pending_pod_seconds": {
        "mean": 0.0,
        "median": 0.0,
        "p90": 0.0,
        "p99": 0.0
      },
      "disruption_count": {
        "mean": 0.0,
        "median": 0.0,
        "p90": 0.0,
        "p99": 0.0
      },
      "disruption_seconds": {
        "mean": 0.0,
        "median": 0.0,
        "p90": 0.0,
        "p99": 0.0
      },
      "peak_node_count": {
        "mean": 7.14,
        "median": 7.0,
        "p90": 8.0,
        "p99": 9.0
      },
      "peak_cost_rate": {
        "mean": 2.7417599999999993,
        "median": 2.6879999999999997,
        "p90": 3.0719999999999996,
        "p99": 3.4559999999999995
      }
    },
    "smallest_first": {
      "cumulative_cost": {
        "mean": 571.0424000001263,
        "median": 559.8431999999783,
        "p90": 639.8208000002176,
        "p99": 719.7696000002045
      },
      "time_weighted_node_count": {
        "mean": 5353522.5,
        "median": 5248530.0,
        "p90": 5998320.0,
        "p99": 6747840.0
      },
      "time_to_stable": {
        "mean": 0.0,
        "median": 0.0,
        "p90": 0.0,
        "p99": 0.0
      },
      "cumulative_pending_pod_seconds": {
        "mean": 0.0,
        "median": 0.0,
        "p90": 0.0,
        "p99": 0.0
      },
      "disruption_count": {
        "mean": 0.0,
        "median": 0.0,
        "p90": 0.0,
        "p99": 0.0
      },
      "disruption_seconds": {
        "mean": 0.0,
        "median": 0.0,
        "p90": 0.0,
        "p99": 0.0
      },
      "peak_node_count": {
        "mean": 7.14,
        "median": 7.0,
        "p90": 8.0,
        "p99": 9.0
      },
      "peak_cost_rate": {
        "mean": 2.7417599999999993,
        "median": 2.6879999999999997,
        "p90": 3.0719999999999996,
        "p99": 3.4559999999999995
      }
    },
    "unallocated_vcpu": {
      "cumulative_cost": {
        "mean": 571.0424000001263,
        "median": 559.8431999999783,
        "p90": 639.8208000002176,
        "p99": 719.7696000002045
      },
      "time_weighted_node_count": {
        "mean": 5353522.5,
        "median": 5248530.0,
        "p90": 5998320.0,
        "p99": 6747840.0
      },
      "time_to_stable": {
        "mean": 0.0,
        "median": 0.0,
        "p90": 0.0,
        "p99": 0.0
      },
      "cumulative_pending_pod_seconds": {
        "mean": 0.0,
        "median": 0.0,
        "p90": 0.0,
        "p99": 0.0
      },
      "disruption_count": {
        "mean": 0.0,
        "median": 0.0,
        "p90": 0.0,
        "p99": 0.0
      },
      "disruption_seconds": {
        "mean": 0.0,
        "median": 0.0,
        "p90": 0.0,
        "p99": 0.0
      },
      "peak_node_count": {
        "mean": 7.14,
        "median": 7.0,
        "p90": 8.0,
        "p99": 9.0
      },
      "peak_cost_rate": {
        "mean": 2.7417599999999993,
        "median": 2.6879999999999997,
        "p90": 3.0719999999999996,
        "p99": 3.4559999999999995
      }
    }
  },
  "per_variant_diagnostic": {
    "baseline": {
      "total_cost_per_hour": {
        "mean": 2.7417599999999993,
        "median": 2.6879999999999997,
        "p90": 3.0719999999999996,
        "p99": 3.4559999999999995
      },
      "node_count": {
        "mean": 7.14,
        "median": 7.0,
        "p90": 8.0,
        "p99": 9.0
      },
      "running_pods": {
        "mean": 15.0,
        "median": 15.0,
        "p90": 15.0,
        "p99": 15.0
      },
      "pending_pods": {
        "mean": 0.0,
        "median": 0.0,
        "p90": 0.0,
        "p99": 0.0
      },
      "events_processed": {
        "mean": 100000.0,
        "median": 100000.0,
        "p90": 100000.0,
        "p99": 100000.0
      },
      "final_time": {
        "mean": 2999281.6,
        "median": 2999290.0,
        "p90": 2999350.0,
        "p99": 2999410.0
      }
    },
    "largest_first": {
      "total_cost_per_hour": {
        "mean": 2.7417599999999993,
        "median": 2.6879999999999997,
        "p90": 3.0719999999999996,
        "p99": 3.4559999999999995
      },
      "node_count": {
        "mean": 7.14,
        "median": 7.0,
        "p90": 8.0,
        "p99": 9.0
      },
      "running_pods": {
        "mean": 15.0,
        "median": 15.0,
        "p90": 15.0,
        "p99": 15.0
      },
      "pending_pods": {
        "mean": 0.0,
        "median": 0.0,
        "p90": 0.0,
        "p99": 0.0
      },
      "events_processed": {
        "mean": 100000.0,
        "median": 100000.0,
        "p90": 100000.0,
        "p99": 100000.0
      },
      "final_time": {
        "mean": 749817.4,
        "median": 749822.0,
        "p90": 749832.0,
        "p99": 749852.0
      }
    },
    "random": {
      "total_cost_per_hour": {
        "mean": 2.7417599999999993,
        "median": 2.6879999999999997,
        "p90": 3.0719999999999996,
        "p99": 3.4559999999999995
      },
      "node_count": {
        "mean": 7.14,
        "median": 7.0,
        "p90": 8.0,
        "p99": 9.0
      },