{
  "study": "worst_case_12",
  "variants": [
    "least_allocated",
    "most_allocated"
  ],
  "runs_per_variant": 50,
  "per_variant": {
    "least_allocated": {
      "total_cost_per_hour": {
        "mean": 0.09600000000000004,
        "median": 0.096,
        "p90": 0.096,
        "p99": 0.096
      },
      "node_count": {
        "mean": 1.0,
        "median": 1.0,
        "p90": 1.0,
        "p99": 1.0
      },
      "running_pods": {
        "mean": 2.0,
        "median": 2.0,
        "p90": 2.0,
        "p99": 2.0
      },
      "pending_pods": {
        "mean": 2.0,
        "median": 2.0,
        "p90": 2.0,
        "p99": 2.0
      },
      "events_processed": {
        "mean": 100000.0,
        "median": 100000.0,
        "p90": 100000.0,
        "p99": 100000.0
      },
      "final_time": {
        "mean": 1499850000000000.2,
        "median": 1499850000000001.0,
        "p90": 1499850000000001.0,
        "p99": 1499850000000001.0
      }
    },
    "most_allocated": {
      "total_cost_per_hour": {
        "mean": 0.09600000000000004,
        "median": 0.096,
        "p90": 0.096,
        "p99": 0.096
      },
      "node_count": {
        "mean": 1.0,
        "median": 1.0,
        "p90": 1.0,
        "p99": 1.0
      },
      "running_pods": {
        "mean": 0.0,
        "median": 0.0,
        "p90": 0.0,
        "p99": 0.0
      },
      "pending_pods": {
        "mean": 4.0,
        "median": 4.0,
        "p90": 4.0,
        "p99": 4.0
      },
      "events_processed": {
        "mean": 100000.0,
        "median": 100000.0,
        "p90": 100000.0,
        "p99": 100000.0
      },
      "final_time": {
        "mean": 1499850000000000.2,
        "median": 1499850000000001.0,
        "p90": 1499850000000001.0,
        "p99": 1499850000000001.0
      }
    }
  },
  "comparison": [
    {
      "metric": "total_cost_per_hour",
      "winner": "tie",
      "delta": 0.0,
      "effect_pct": 0.0,
      "p_value": 1.0,
      "ci_low": 0.0,
      "ci_high": 0.0
    },
    {
      "metric": "node_count",
      "winner": "tie",
      "delta": 0.0,
      "effect_pct": 0.0,
      "p_value": 1.0,
      "ci_low": 0.0,
      "ci_high": 0.0
    },
    {
      "metric": "running_pods",
      "winner": "most_allocated",
      "delta": 2.0,
      "effect_pct": 200.0,
      "p_value": 0.0,
      "ci_low": 2.0,
      "ci_high": 2.0
    },
    {
      "metric": "pending_pods",
      "winner": "least_allocated",
      "delta": -2.0,
      "effect_pct": -50.0,
      "p_value": 0.0,
      "ci_low": -2.0,
      "ci_high": -2.0
    },
    {
      "metric": "events_processed",
      "winner": "tie",
      "delta": 0.0,
      "effect_pct": 0.0,
      "p_value": 1.0,
      "ci_low": 0.0,
      "ci_high": 0.0
    },
    {
      "metric": "final_time",
      "winner": "tie",
      "delta": 0.0,
      "effect_pct": 0.0,
      "p_value": 1.0,
      "ci_low": 0.0,
      "ci_high": 0.0
    }
  ]
}