{
  "study": "39k",
  "variants": [
    "karpenter-v0.35",
    "karpenter-v1.x"
  ],
  "runs_per_variant": 50,
  "per_variant": {
    "karpenter-v0.35": {
      "total_cost_per_hour": {
        "mean": 3.4053999999999984,
        "median": 3.828999999999999,
        "p90": 3.916999999999999,
        "p99": 3.916999999999999
      },
      "node_count": {
        "mean": 14.34,
        "median": 16.0,
        "p90": 16.0,
        "p99": 16.0
      },
      "running_pods": {
        "mean": 113.36,
        "median": 122.0,
        "p90": 125.0,
        "p99": 127.0
      },
      "pending_pods": {
        "mean": 65.64,
        "median": 57.0,
        "p90": 85.0,
        "p99": 85.0
      },
      "events_processed": {
        "mean": 100000.0,
        "median": 100000.0,
        "p90": 100000.0,
        "p99": 100000.0
      },
      "final_time": {
        "mean": 420000000001.0,
        "median": 420000000001.0,
        "p90": 420000000001.0,
        "p99": 420000000001.0
      }
    },
    "karpenter-v1.x": {
      "total_cost_per_hour": {
        "mean": 3.2014000000000005,
        "median": 3.5290000000000004,
        "p90": 3.677,
        "p99": 3.677
      },
      "node_count": {
        "mean": 14.34,
        "median": 16.0,
        "p90": 16.0,
        "p99": 16.0
      },
      "running_pods": {
        "mean": 112.14,
        "median": 116.0,
        "p90": 128.0,
        "p99": 128.0
      },
      "pending_pods": {
        "mean": 66.86,
        "median": 63.0,
        "p90": 89.0,
        "p99": 90.0
      },
      "events_processed": {
        "mean": 100000.0,
        "median": 100000.0,
        "p90": 100000.0,
        "p99": 100000.0
      },
      "final_time": {
        "mean": 420000000001.0,
        "median": 420000000001.0,
        "p90": 420000000001.0,
        "p99": 420000000001.0
      }
    }
  },
  "comparison": [
    {
      "metric": "total_cost_per_hour",
      "winner": "karpenter-v1.x",
      "delta": 0.204,
      "effect_pct": 6.3722,
      "p_value": 2e-06,
      "ci_low": -0.038,
      "ci_high": 0.430494
    },
    {
      "metric": "node_count",
      "winner": "tie",
      "delta": 0.0,
      "effect_pct": 0.0,
      "p_value": 1.0,
      "ci_low": -0.9205,
      "ci_high": 0.88
    },
    {
      "metric": "running_pods",
      "winner": "karpenter-v1.x",
      "delta": 1.22,
      "effect_pct": 1.0879,
      "p_value": 0.883291,
      "ci_low": -4.8,
      "ci_high": 6.9205
    },
    {
      "metric": "pending_pods",
      "winner": "karpenter-v0.35",
      "delta": -1.22,
      "effect_pct": -1.8247,
      "p_value": 0.883291,
      "ci_low": -6.9205,
      "ci_high": 4.8
    },
    {
      "metric": "events_processed",
      "winner": "tie",
      "delta": 0.0,
      "effect_pct": 0.0,
      "p_value": 1.0,
      "ci_low": 0.0,
      "ci_high": 0.0
    },
    {
      "metric": "final_time",
      "winner": "tie",
      "delta": 0.0,
      "effect_pct": 0.0,
      "p_value": 1.0,
      "ci_low": 0.0,
      "ci_high": 0.0
    }
  ]
}