{
  "study": "deletion-cost-large-heterogeneous",
  "variants": [
    "baseline",
    "largest_first",
    "prefer_emptying",
    "random",
    "unallocated_vcpu"
  ],
  "runs_per_variant": 10,
  "per_variant": {
    "baseline": {
      "cumulative_cost": {
        "mean": 14.152320000000003,
        "median": 14.223999999999997,
        "p90": 14.515200000000025,
        "p99": 14.540800000000015
      },
      "cumulative_vcpu_hours": {
        "mean": 197.3217512499999,
        "median": 197.37101041666654,
        "p90": 202.2495791666665,
        "p99": 206.62620833333293
      },
      "cumulative_memory_gib_hours": {
        "mean": 702.3997930794882,
        "median": 703.1942267194281,
        "p90": 712.8932977741808,
        "p99": 726.9845725232193
      },
      "time_weighted_node_count": {
        "mean": 66339.0,
        "median": 66675.0,
        "p90": 68040.0,
        "p99": 68160.0
      },
      "time_to_stable": {
        "mean": 3303.0,
        "median": 3225.0,
        "p90": 3540.0,
        "p99": 3540.0
      },
      "cumulative_pending_pod_seconds": {
        "mean": 265.5,
        "median": 60.0,
        "p90": 720.0,
        "p99": 1065.0
      },
      "disruption_count": {
        "mean": 0.0,
        "median": 0.0,
        "p90": 0.0,
        "p99": 0.0
      },
      "disruption_seconds": {
        "mean": 0.0,
        "median": 0.0,
        "p90": 0.0,
        "p99": 0.0
      },
      "peak_node_count": {
        "mean": 80.0,
        "median": 80.0,
        "p90": 80.0,
        "p99": 80.0
      },
      "peak_cost_rate": {
        "mean": 61.44000000000004,
        "median": 61.44000000000004,
        "p90": 61.44000000000004,
        "p99": 61.44000000000004
      }
    },
    "largest_first": {
      "cumulative_cost": {
        "mean": 14.168000000000001,
        "median": 14.169599999999999,
        "p90": 14.553600000000003,
        "p99": 14.694400000000002
      },
      "cumulative_vcpu_hours": {
        "mean": 197.22482166666654,
        "median": 197.5046041666663,
        "p90": 201.16693333333293,
        "p99": 206.66527499999955
      },
      "cumulative_memory_gib_hours": {
        "mean": 702.2756949836887,
        "median": 702.9352437781099,
        "p90": 712.7190582294005,
        "p99": 725.3607436689847
      },
      "time_weighted_node_count": {
        "mean": 66412.5,
        "median": 66420.0,
        "p90": 68220.0,
        "p99": 68880.0
      },
      "time_to_stable": {
        "mean": 3288.0,
        "median": 3210.0,
        "p90": 3420.0,
        "p99": 3540.0
      },
      "cumulative_pending_pod_seconds": {
        "mean": 475.5,
        "median": 150.0,
        "p90": 795.0,
        "p99": 2400.0
      },
      "disruption_count": {
        "mean": 0.0,
        "median": 0.0,
        "p90": 0.0,
        "p99": 0.0
      },
      "disruption_seconds": {
        "mean": 0.0,
        "median": 0.0,
        "p90": 0.0,
        "p99": 0.0
      },
      "peak_node_count": {
        "mean": 80.0,
        "median": 80.0,
        "p90": 80.0,
        "p99": 80.0
      },
      "peak_cost_rate": {
        "mean": 61.44000000000004,
        "median": 61.44000000000004,
        "p90": 61.44000000000004,
        "p99": 61.44000000000004
      }
    },
    "prefer_emptying": {
      "cumulative_cost": {
        "mean": 14.088320000000001,
        "median": 14.1856,
        "p90": 14.310400000000008,
        "p99": 14.406399999999996
      },
      "cumulative_vcpu_hours": {
        "mean": 196.97522833333312,
        "median": 197.3982874999997,
        "p90": 202.2488041666664,
        "p99": 206.28503333333288
      },
      "cumulative_memory_gib_hours": {
        "mean": 701.4682258079321,
        "median": 702.2441781922823,
        "p90": 711.6604079627903,
        "p99": 726.9278962964736
      },
      "time_weighted_node_count": {
        "mean": 66039.0,
        "median": 66495.0,
        "p90": 67080.0,
        "p99": 67530.0
      },
      "time_to_stable": {
        "mean": 3321.0,
        "median": 3315.0,
        "p90": 3510.0,
        "p99": 3540.0
      },
      "cumulative_pending_pod_seconds": {
        "mean": 1093.5,
        "median": 772.5,
        "p90": 1995.0,
        "p99": 3105.0
      },
      "disruption_count": {
        "mean": 0.0,
        "median": 0.0,
        "p90": 0.0,
        "p99": 0.0
      },
      "disruption_seconds": {
        "mean": 0.0,
        "median": 0.0,
        "p90": 0.0,
        "p99": 0.0
      },
      "peak_node_count": {
        "mean": 80.0,
        "median": 80.0,
        "p90": 80.0,
        "p99": 80.0
      },
      "peak_cost_rate": {
        "mean": 61.44000000000004,
        "median": 61.44000000000004,
        "p90": 61.44000000000004,
        "p99": 61.44000000000004
      }
    },
    "random": {
      "cumulative_cost": {
        "mean": 14.168000000000001,
        "median": 14.169599999999999,
        "p90": 14.553600000000003,
        "p99": 14.694400000000002
      },
      "cumulative_vcpu_hours": {
        "mean": 197.22482166666654,
        "median": 197.5046041666663,
        "p90": 201.16693333333293,
        "p99": 206.66527499999955
      },
      "cumulative_memory_gib_hours": {
        "mean": 702.2756949836887,
        "median": 702.9352437781099,
        "p90": 712.7190582294005,
        "p99": 725.3607436689847
      },
      "time_weighted_node_count": {
        "mean": 66412.5,
        "median": 66420.0,
        "p90": 68220.0,
        "p99": 68880.0
      },
      "time_to_stable": {
        "mean": 3288.0,
        "median": 3210.0,
        "p90": 3420.0,
        "p99": 3540.0
      },
      "cumulative_pending_pod_seconds": {
        "mean": 475.5,
        "median": 150.0,
        "p90": 795.0,
        "p99": 2400.0
      },
      "disruption_count": {
        "mean": 0.0,
        "median": 0.0,
        "p90": 0.0,
        "p99": 0.0
      },
      "disruption_seconds": {
        "mean": 0.0,
        "median": 0.0,
        "p90": 0.0,
        "p99": 0.0
      },
      "peak_node_count": {
        "mean": 80.0,
        "median": 80.0,
        "p90": 80.0,
        "p99": 80.0
      },
      "peak_cost_rate": {
        "mean": 61.44000000000004,
        "median": 61.44000000000004,
        "p90": 61.44000000000004,
        "p99": 61.44000000000004
      }
    },
    "unallocated_vcpu": {
      "cumulative_cost": {
        "mean": 14.104319999999998,
        "median": 14.204799999999999,
        "p90": 14.310400000000008,
        "p99": 14.432000000000011
      },
      "cumulative_vcpu_hours": {
        "mean": 197.1402245833332,
        "median": 197.34738541666627,
        "p90": 201.13631666666697,
        "p99": 206.37999166666623
      },
      "cumulative_memory_gib_hours": {
        "mean": 702.0477636480293,
        "median": 703.1109770974616,
        "p90": 712.4671273851856,
        "p99": 724.472850402678
      },
      "time_weighted_node_count": {
        "mean": 66114.0,
        "median": 66585.0,
        "p90": 67080.0,
        "p99": 67650.0
      },
      "time_to_stable": {
        "mean": 3273.0,
        "median": 3210.0,
        "p90": 3450.0,
        "p99": 3540.0
      },
      "cumulative_pending_pod_seconds": {
        "mean": 603.0,
        "median": 315.0,
        "p90": 1425.0,
        "p99": 2460.0
      },
      "disruption_count": {
        "mean": 0.0,
        "median": 0.0,
        "p90": 0.0,
        "p99": 0.0
      },
      "disruption_seconds": {
        "mean": 0.0,
        "median": 0.0,
        "p90": 0.0,
        "p99": 0.0
      },
      "peak_node_count": {
        "mean": 80.0,
        "median": 80.0,
        "p90": 80.0,
        "p99": 80.0
      },
      "peak_cost_rate": {
        "mean": 61.44000000000004,
        "median": 61.44000000000004,
        "p90": 61.44000000000004,
        "p99": 61.44000000000004
      }
    }
  },
  "per_variant_diagnostic": {
    "baseline": {
      "total_cost_per_hour": {
        "mean": 4.608,
        "median": 4.608,