{
  "study": "benchmark-control",
  "variants": [
    "baseline"
  ],
  "runs_per_variant": 10,
  "per_variant": {
    "baseline": {
      "cumulative_cost": {
        "mean": 28.67760000000002,
        "median": 28.677600000000016,
        "p90": 28.677600000000016,
        "p99": 28.677600000000016
      },
      "cumulative_vcpu_hours": {
        "mean": 341.1291666666676,
        "median": 341.1291666666676,
        "p90": 341.1291666666676,
        "p99": 341.1291666666676
      },
      "cumulative_memory_gib_hours": {
        "mean": 1795.4166666666656,
        "median": 1795.4166666666658,
        "p90": 1795.4166666666658,
        "p99": 1795.4166666666658
      },
      "time_weighted_node_count": {
        "mean": 270435.0,
        "median": 270435.0,
        "p90": 270435.0,
        "p99": 270435.0
      },
      "time_to_stable": {
        "mean": 2400.0,
        "median": 2400.0,
        "p90": 2400.0,
        "p99": 2400.0
      },
      "cumulative_pending_pod_seconds": {
        "mean": 0.0,
        "median": 0.0,
        "p90": 0.0,
        "p99": 0.0
      },
      "disruption_count": {
        "mean": 0.0,
        "median": 0.0,
        "p90": 0.0,
        "p99": 0.0
      },
      "disruption_seconds": {
        "mean": 0.0,
        "median": 0.0,
        "p90": 0.0,
        "p99": 0.0
      },
      "peak_node_count": {
        "mean": 186.0,
        "median": 186.0,
        "p90": 186.0,
        "p99": 186.0
      },
      "peak_cost_rate": {
        "mean": 71.23200000000007,
        "median": 71.23200000000006,
        "p90": 71.23200000000006,
        "p99": 71.23200000000006
      }
    }
  },
  "per_variant_diagnostic": {
    "baseline": {
      "total_cost_per_hour": {
        "mean": 2.6879999999999993,
        "median": 2.6879999999999997,
        "p90": 2.6879999999999997,
        "p99": 2.6879999999999997
      },
      "node_count": {
        "mean": 7.0,
        "median": 7.0,
        "p90": 7.0,
        "p99": 7.0
      },
      "running_pods": {
        "mean": 20.0,
        "median": 20.0,
        "p90": 20.0,
        "p99": 20.0
      },
      "pending_pods": {
        "mean": 0.0,
        "median": 0.0,
        "p90": 0.0,
        "p99": 0.0
      },
      "events_processed": {
        "mean": 5628.0,
        "median": 5628.0,
        "p90": 5628.0,
        "p99": 5628.0
      },
      "final_time": {
        "mean": 2400000000000.0,
        "median": 2400000000000.0,
        "p90": 2400000000000.0,
        "p99": 2400000000000.0
      }
    }
  }
}