{
  "study": "benchmark-control",
  "variants": [
    "baseline"
  ],
  "runs_per_variant": 10,
  "per_variant": {
    "baseline": {
      "cumulative_cost": {
        "mean": 33.57760000000002,
        "median": 33.57760000000002,
        "p90": 33.57760000000002,
        "p99": 33.57760000000002
      },
      "cumulative_vcpu_hours": {
        "mean": 354.3916666666681,
        "median": 354.391666666668,
        "p90": 354.391666666668,
        "p99": 354.391666666668
      },
      "cumulative_memory_gib_hours": {
        "mean": 1838.5888671875,
        "median": 1838.5888671875,
        "p90": 1838.5888671875,
        "p99": 1838.5888671875
      },
      "time_weighted_node_count": {
        "mean": 318300.0,
        "median": 318300.0,
        "p90": 318300.0,
        "p99": 318300.0
      },
      "time_to_stable": {
        "mean": 2400.0,
        "median": 2400.0,
        "p90": 2400.0,
        "p99": 2400.0
      },
      "cumulative_pending_pod_seconds": {
        "mean": 0.0,
        "median": 0.0,
        "p90": 0.0,
        "p99": 0.0
      },
      "disruption_count": {
        "mean": 0.0,
        "median": 0.0,
        "p90": 0.0,
        "p99": 0.0
      },
      "disruption_seconds": {
        "mean": 0.0,
        "median": 0.0,
        "p90": 0.0,
        "p99": 0.0
      },
      "peak_node_count": {
        "mean": 200.0,
        "median": 200.0,
        "p90": 200.0,
        "p99": 200.0
      },
      "peak_cost_rate": {
        "mean": 76.22400000000006,
        "median": 76.22400000000006,
        "p90": 76.22400000000006,
        "p99": 76.22400000000006
      }
    }
  },
  "per_variant_diagnostic": {
    "baseline": {
      "total_cost_per_hour": {
        "mean": 3.2640000000000002,
        "median": 3.264,
        "p90": 3.264,
        "p99": 3.264
      },
      "node_count": {
        "mean": 10.0,
        "median": 10.0,
        "p90": 10.0,
        "p99": 10.0
      },
      "running_pods": {
        "mean": 220.0,
        "median": 220.0,
        "p90": 220.0,
        "p99": 220.0
      },
      "pending_pods": {
        "mean": 0.0,
        "median": 0.0,
        "p90": 0.0,
        "p99": 0.0
      },
      "events_processed": {
        "mean": 1009.0,
        "median": 1009.0,
        "p90": 1009.0,
        "p99": 1009.0
      },
      "final_time": {
        "mean": 2400000000000.0,
        "median": 2400000000000.0,
        "p90": 2400000000000.0,
        "p99": 2400000000000.0
      }
    }
  }
}