{
  "study": "benchmark-control",
  "variants": [
    "baseline"
  ],
  "runs_per_variant": 10,
  "per_variant": {
    "baseline": {
      "cumulative_cost": {
        "mean": 109.5983999999905,
        "median": 109.59839999999049,
        "p90": 109.59839999999049,
        "p99": 109.59839999999049
      },
      "cumulative_vcpu_hours": {
        "mean": 1332.2641666665527,
        "median": 1332.2641666665525,
        "p90": 1332.2641666665525,
        "p99": 1332.2641666665525
      },
      "cumulative_memory_gib_hours": {
        "mean": 7012.041666665913,
        "median": 7012.041666665914,
        "p90": 7012.041666665914,
        "p99": 7012.041666665914
      },
      "time_weighted_node_count": {
        "mean": 1028430.0,
        "median": 1028430.0,
        "p90": 1028430.0,
        "p99": 1028430.0
      },
      "time_to_stable": {
        "mean": 2160.0,
        "median": 2160.0,
        "p90": 2160.0,
        "p99": 2160.0
      },
      "cumulative_pending_pod_seconds": {
        "mean": 720.0,
        "median": 720.0,
        "p90": 720.0,
        "p99": 720.0
      },
      "disruption_count": {
        "mean": 0.0,
        "median": 0.0,
        "p90": 0.0,
        "p99": 0.0
      },
      "disruption_seconds": {
        "mean": 0.0,
        "median": 0.0,
        "p90": 0.0,
        "p99": 0.0
      },
      "peak_node_count": {
        "mean": 186.0,
        "median": 186.0,
        "p90": 186.0,
        "p99": 186.0
      },
      "peak_cost_rate": {
        "mean": 71.42400000000006,
        "median": 71.42400000000005,
        "p90": 71.42400000000005,
        "p99": 71.42400000000005
      }
    }
  },
  "per_variant_diagnostic": {
    "baseline": {
      "total_cost_per_hour": {
        "mean": 1.5359999999999998,
        "median": 1.536,
        "p90": 1.536,
        "p99": 1.536
      },
      "node_count": {
        "mean": 4.0,
        "median": 4.0,
        "p90": 4.0,
        "p99": 4.0
      },
      "running_pods": {
        "mean": 20.0,
        "median": 20.0,
        "p90": 20.0,
        "p99": 20.0
      },
      "pending_pods": {
        "mean": 0.0,
        "median": 0.0,
        "p90": 0.0,
        "p99": 0.0
      },
      "events_processed": {
        "mean": 1000000.0,
        "median": 1000000.0,
        "p90": 1000000.0,
        "p99": 1000000.0
      },
      "final_time": {
        "mean": 204950000000004.0,
        "median": 204950000000004.0,
        "p90": 204950000000004.0,
        "p99": 204950000000004.0
      }
    }
  }
}