{
  "study": "worst_case_06",
  "variants": [
    "least_allocated",
    "most_allocated"
  ],
  "runs_per_variant": 50,
  "per_variant": {
    "least_allocated": {
      "total_cost_per_hour": {
        "mean": 3.3604000000000025,
        "median": 3.338000000000001,
        "p90": 4.106000000000002,
        "p99": 4.405000000000002
      },
      "node_count": {
        "mean": 18.76,
        "median": 19.0,
        "p90": 23.0,
        "p99": 24.0
      },
      "running_pods": {
        "mean": 75.76,
        "median": 78.0,
        "p90": 79.0,
        "p99": 79.0
      },
      "pending_pods": {
        "mean": 3.24,
        "median": 1.0,
        "p90": 10.0,
        "p99": 25.0
      },
      "events_processed": {
        "mean": 100000.0,
        "median": 100000.0,
        "p90": 100000.0,
        "p99": 100000.0
      },
      "final_time": {
        "mean": 1498813800000000.2,
        "median": 1498830000000001.0,
        "p90": 1498980000000001.0,
        "p99": 1499130000000001.0
      }
    },
    "most_allocated": {
      "total_cost_per_hour": {
        "mean": 3.3373600000000034,
        "median": 3.253000000000001,
        "p90": 4.106000000000002,
        "p99": 4.405000000000002
      },
      "node_count": {
        "mean": 18.64,
        "median": 18.0,
        "p90": 23.0,
        "p99": 24.0
      },
      "running_pods": {
        "mean": 75.58,
        "median": 78.5,
        "p90": 79.0,
        "p99": 79.0
      },
      "pending_pods": {
        "mean": 3.42,
        "median": 0.5,
        "p90": 14.0,
        "p99": 31.0
      },
      "events_processed": {
        "mean": 100000.0,
        "median": 100000.0,
        "p90": 100000.0,
        "p99": 100000.0
      },
      "final_time": {
        "mean": 1498807200000000.2,
        "median": 1498830000000001.0,
        "p90": 1498980000000001.0,
        "p99": 1499070000000001.0
      }
    }
  },
  "comparison": [
    {
      "metric": "total_cost_per_hour",
      "winner": "most_allocated",
      "delta": 0.02304,
      "effect_pct": 0.6904,
      "p_value": 0.771609,
      "ci_low": -0.20736,
      "ci_high": 0.260682
    },
    {
      "metric": "node_count",
      "winner": "most_allocated",
      "delta": 0.12,
      "effect_pct": 0.6438,
      "p_value": 0.781332,
      "ci_low": -1.04,
      "ci_high": 1.34
    },
    {
      "metric": "running_pods",
      "winner": "most_allocated",
      "delta": 0.18,
      "effect_pct": 0.2382,
      "p_value": 0.802997,
      "ci_low": -2.2,
      "ci_high": 2.6
    },
    {
      "metric": "pending_pods",
      "winner": "least_allocated",
      "delta": -0.18,
      "effect_pct": -5.2632,
      "p_value": 0.802997,
      "ci_low": -2.6,
      "ci_high": 2.2
    },
    {
      "metric": "events_processed",
      "winner": "tie",
      "delta": 0.0,
      "effect_pct": 0.0,
      "p_value": 1.0,
      "ci_low": 0.0,
      "ci_high": 0.0
    },
    {
      "metric": "final_time",
      "winner": "most_allocated",
      "delta": 6600000000.0,
      "effect_pct": 0.0004,
      "p_value": 0.854427,
      "ci_low": -46800000000.0,
      "ci_high": 58200000000.0
    }
  ]
}