{
  "study": "benchmark-control",
  "variants": [
    "baseline"
  ],
  "runs_per_variant": 100,
  "per_variant": {
    "baseline": {
      "cumulative_cost": {
        "mean": 52.400799999996345,
        "median": 52.400799999996345,
        "p90": 52.400799999996345,
        "p99": 52.400799999996345
      },
      "time_weighted_node_count": {
        "mean": 491355.0,
        "median": 491355.0,
        "p90": 491355.0,
        "p99": 491355.0
      },
      "time_to_stable": {
        "mean": 2130.0,
        "median": 2130.0,
        "p90": 2130.0,
        "p99": 2130.0
      },
      "cumulative_pending_pod_seconds": {
        "mean": 136260.0,
        "median": 136260.0,
        "p90": 136260.0,
        "p99": 136260.0
      },
      "disruption_count": {
        "mean": 0.0,
        "median": 0.0,
        "p90": 0.0,
        "p99": 0.0
      },
      "disruption_seconds": {
        "mean": 0.0,
        "median": 0.0,
        "p90": 0.0,
        "p99": 0.0
      },
      "peak_node_count": {
        "mean": 187.0,
        "median": 187.0,
        "p90": 187.0,
        "p99": 187.0
      },
      "peak_cost_rate": {
        "mean": 71.61600000000003,
        "median": 71.61600000000006,
        "p90": 71.61600000000006,
        "p99": 71.61600000000006
      }
    }
  },
  "per_variant_diagnostic": {
    "baseline": {
      "total_cost_per_hour": {
        "mean": 1.5359999999999996,
        "median": 1.536,
        "p90": 1.536,
        "p99": 1.536
      },
      "node_count": {
        "mean": 4.0,
        "median": 4.0,
        "p90": 4.0,
        "p99": 4.0
      },
      "running_pods": {
        "mean": 20.0,
        "median": 20.0,
        "p90": 20.0,
        "p99": 20.0
      },
      "pending_pods": {
        "mean": 0.0,
        "median": 0.0,
        "p90": 0.0,
        "p99": 0.0
      },
      "events_processed": {
        "mean": 1000000.0,
        "median": 1000000.0,
        "p90": 1000000.0,
        "p99": 1000000.0
      },
      "final_time": {
        "mean": 80580000000004.0,
        "median": 80580000000004.0,
        "p90": 80580000000004.0,
        "p99": 80580000000004.0
      }
    }
  }
}