{
  "study": "000",
  "variants": [
    "baseline",
    "largest_first",
    "random",
    "smallest_first",
    "unallocated_vcpu"
  ],
  "runs_per_variant": 50,
  "per_variant": {
    "baseline": {
      "total_cost_per_hour": {
        "mean": 2.459280000000002,
        "median": 2.4380000000000006,
        "p90": 2.4380000000000006,
        "p99": 2.7040000000000006
      },
      "node_count": {
        "mean": 19.16,
        "median": 19.0,
        "p90": 19.0,
        "p99": 21.0
      },
      "running_pods": {
        "mean": 211.28,
        "median": 212.0,
        "p90": 216.0,
        "p99": 220.0
      },
      "pending_pods": {
        "mean": 8.72,
        "median": 8.0,
        "p90": 13.0,
        "p99": 16.0
      },
      "events_processed": {
        "mean": 100000.0,
        "median": 100000.0,
        "p90": 100000.0,
        "p99": 100000.0
      },
      "final_time": {
        "mean": 420000000001.0,
        "median": 420000000001.0,
        "p90": 420000000001.0,
        "p99": 420000000001.0
      }
    },
    "largest_first": {
      "total_cost_per_hour": {
        "mean": 2.4862400000000004,
        "median": 2.608,
        "p90": 2.608,
        "p99": 2.682
      },
      "node_count": {
        "mean": 19.04,
        "median": 20.0,
        "p90": 20.0,
        "p99": 20.0
      },
      "running_pods": {
        "mean": 212.98,
        "median": 220.0,
        "p90": 220.0,
        "p99": 220.0
      },
      "pending_pods": {
        "mean": 7.02,
        "median": 0.0,
        "p90": 16.0,
        "p99": 16.0
      },
      "events_processed": {
        "mean": 100000.0,
        "median": 100000.0,
        "p90": 100000.0,
        "p99": 100000.0
      },
      "final_time": {
        "mean": 420000000001.0,
        "median": 420000000001.0,
        "p90": 420000000001.0,
        "p99": 420000000001.0
      }
    },
    "random": {
      "total_cost_per_hour": {
        "mean": 2.4862400000000004,
        "median": 2.608,
        "p90": 2.608,
        "p99": 2.682
      },
      "node_count": {
        "mean": 19.04,
        "median": 20.0,
        "p90": 20.0,
        "p99": 20.0
      },
      "running_pods": {
        "mean": 212.98,
        "median": 220.0,
        "p90": 220.0,
        "p99": 220.0
      },
      "pending_pods": {
        "mean": 7.02,
        "median": 0.0,
        "p90": 16.0,
        "p99": 16.0
      },
      "events_processed": {
        "mean": 100000.0,
        "median": 100000.0,
        "p90": 100000.0,
        "p99": 100000.0
      },
      "final_time": {
        "mean": 420000000001.0,
        "median": 420000000001.0,
        "p90": 420000000001.0,
        "p99": 420000000001.0
      }
    },
    "smallest_first": {
      "total_cost_per_hour": {
        "mean": 2.4862400000000004,
        "median": 2.608,
        "p90": 2.608,
        "p99": 2.682
      },
      "node_count": {
        "mean": 19.04,
        "median": 20.0,
        "p90": 20.0,
        "p99": 20.0
      },
      "running_pods": {
        "mean": 212.98,
        "median": 220.0,
        "p90": 220.0,
        "p99": 220.0
      },
      "pending_pods": {
        "mean": 7.02,
        "median": 0.0,
        "p90": 16.0,
        "p99": 16.0
      },
      "events_processed": {
        "mean": 100000.0,
        "median": 100000.0,
        "p90": 100000.0,
        "p99": 100000.0
      },
      "final_time": {
        "mean": 420000000001.0,
        "median": 420000000001.0,
        "p90": 420000000001.0,
        "p99": 420000000001.0
      }
    },
    "unallocated_vcpu": {
      "total_cost_per_hour": {
        "mean": 2.4862400000000004,
        "median": 2.608,
        "p90": 2.608,
        "p99": 2.682
      },
      "node_count": {
        "mean": 19.04,
        "median": 20.0,
        "p90": 20.0,
        "p99": 20.0
      },
      "running_pods": {
        "mean": 212.98,
        "median": 220.0,
        "p90": 220.0,
        "p99": 220.0
      },
      "pending_pods": {
        "mean": 7.02,
        "median": 0.0,
        "p90": 16.0,
        "p99": 16.0
      },
      "events_processed": {
        "mean": 100000.0,
        "median": 100000.0,
        "p90": 100000.0,
        "p99": 100000.0
      },
      "final_time": {
        "mean": 420000000001.0,
        "median": 420000000001.0,
        "p90": 420000000001.0,
        "p99": 420000000001.0
      }
    }
  }
}