{
  "study": "deletion-cost-ranking-comparison",
  "variants": [
    "baseline",
    "largest_first",
    "random",
    "smallest_first",
    "unallocated_vcpu"
  ],
  "runs_per_variant": 100,
  "per_variant": {
    "baseline": {
      "total_cost_per_hour": {
        "mean": 0.5280000000000004,
        "median": 0.5760000000000001,
        "p90": 0.768,
        "p99": 0.768
      },
      "node_count": {
        "mean": 1.51,
        "median": 2.0,
        "p90": 2.0,
        "p99": 2.0
      },
      "running_pods": {
        "mean": 10.41,
        "median": 12.0,
        "p90": 15.0,
        "p99": 15.0
      },
      "pending_pods": {
        "mean": 4.59,
        "median": 3.0,
        "p90": 8.0,
        "p99": 10.0
      },
      "events_processed": {
        "mean": 100000.0,
        "median": 100000.0,
        "p90": 100000.0,
        "p99": 100000.0
      },
      "final_time": {
        "mean": 1499173800000000.2,
        "median": 1499160000000001.0,
        "p90": 1499220000000001.0,
        "p99": 1499220000000001.0
      }
    },
    "largest_first": {
      "total_cost_per_hour": {
        "mean": 0.4396800000000003,
        "median": 0.5760000000000001,
        "p90": 0.5760000000000001,
        "p99": 0.5760000000000001
      },
      "node_count": {
        "mean": 2.29,
        "median": 3.0,
        "p90": 3.0,
        "p99": 3.0
      },
      "running_pods": {
        "mean": 10.61,
        "median": 14.0,
        "p90": 14.0,
        "p99": 14.0
      },
      "pending_pods": {
        "mean": 4.39,
        "median": 1.0,
        "p90": 11.0,
        "p99": 11.0
      },
      "events_processed": {
        "mean": 100000.0,
        "median": 100000.0,
        "p90": 100000.0,
        "p99": 100000.0
      },
      "final_time": {
        "mean": 599675700000000.5,
        "median": 599700000000002.0,
        "p90": 599730000000001.0,
        "p99": 599730000000002.0
      }
    },
    "random": {
      "total_cost_per_hour": {
        "mean": 0.6220800000000005,
        "median": 0.5760000000000001,
        "p90": 0.768,
        "p99": 0.768
      },
      "node_count": {
        "mean": 2.0,
        "median": 2.0,
        "p90": 2.0,
        "p99": 2.0
      },
      "running_pods": {
        "mean": 14.41,
        "median": 15.0,
        "p90": 15.0,
        "p99": 15.0
      },
      "pending_pods": {
        "mean": 0.59,
        "median": 0.0,
        "p90": 2.0,
        "p99": 3.0
      },
      "events_processed": {
        "mean": 100000.0,
        "median": 100000.0,
        "p90": 100000.0,
        "p99": 100000.0
      },
      "final_time": {
        "mean": 599672500000000.2,
        "median": 599670000000001.0,
        "p90": 599700000000001.0,
        "p99": 599720000000002.0
      }
    },
    "smallest_first": {
      "total_cost_per_hour": {
        "mean": 0.6220800000000005,
        "median": 0.5760000000000001,
        "p90": 0.768,
        "p99": 0.768
      },
      "node_count": {
        "mean": 2.0,
        "median": 2.0,
        "p90": 2.0,
        "p99": 2.0
      },
      "running_pods": {
        "mean": 14.41,
        "median": 15.0,
        "p90": 15.0,
        "p99": 15.0
      },
      "pending_pods": {
        "mean": 0.59,
        "median": 0.0,
        "p90": 2.0,
        "p99": 3.0
      },
      "events_processed": {
        "mean": 100000.0,
        "median": 100000.0,
        "p90": 100000.0,
        "p99": 100000.0
      },
      "final_time": {
        "mean": 599672500000000.2,
        "median": 599670000000001.0,
        "p90": 599700000000001.0,
        "p99": 599720000000002.0
      }
    },
    "unallocated_vcpu": {
      "total_cost_per_hour": {
        "mean": 0.6086400000000005,
        "median": 0.5760000000000001,
        "p90": 0.768,
        "p99": 0.768
      },
      "node_count": {
        "mean": 2.0,
        "median": 2.0,
        "p90": 2.0,
        "p99": 2.0
      },
      "running_pods": {
        "mean": 14.43,
        "median": 15.0,
        "p90": 15.0,
        "p99": 15.0
      },
      "pending_pods": {
        "mean": 0.57,
        "median": 0.0,
        "p90": 2.0,
        "p99": 3.0
      },
      "events_processed": {
        "mean": 100000.0,
        "median": 100000.0,
        "p90": 100000.0,
        "p99": 100000.0
      },
      "final_time": {
        "mean": 599673400000000.2,
        "median": 599670000000001.0,
        "p90": 599700000000001.0,
        "p99": 599720000000002.0
      }
    }
  }
}