{
  "study": "000",
  "variants": [
    "least_allocated",
    "most_allocated"
  ],
  "runs_per_variant": 5,
  "per_variant": {
    "least_allocated": {
      "cumulative_cost": {
        "mean": 3199.9936000702755,
        "median": 3199.9936000702755,
        "p90": 3199.9936000702755,
        "p99": 3199.9936000702755
      },
      "cumulative_vcpu_hours": {
        "mean": 0.0,
        "median": 0.0,
        "p90": 0.0,
        "p99": 0.0
      },
      "cumulative_memory_gib_hours": {
        "mean": 0.0,
        "median": 0.0,
        "p90": 0.0,
        "p99": 0.0
      },
      "time_weighted_node_count": {
        "mean": 29999940.0,
        "median": 29999940.0,
        "p90": 29999940.0,
        "p99": 29999940.0
      },
      "time_to_stable": {
        "mean": 0.0,
        "median": 0.0,
        "p90": 0.0,
        "p99": 0.0
      },
      "cumulative_pending_pod_seconds": {
        "mean": 59999880.0,
        "median": 59999880.0,
        "p90": 59999880.0,
        "p99": 59999880.0
      },
      "disruption_count": {
        "mean": 0.0,
        "median": 0.0,
        "p90": 0.0,
        "p99": 0.0
      },
      "disruption_seconds": {
        "mean": 0.0,
        "median": 0.0,
        "p90": 0.0,
        "p99": 0.0
      },
      "peak_node_count": {
        "mean": 1.0,
        "median": 1.0,
        "p90": 1.0,
        "p99": 1.0
      },
      "peak_cost_rate": {
        "mean": 0.384,
        "median": 0.384,
        "p90": 0.384,
        "p99": 0.384
      }
    },
    "most_allocated": {
      "cumulative_cost": {
        "mean": 3199.9936000702755,
        "median": 3199.9936000702755,
        "p90": 3199.9936000702755,
        "p99": 3199.9936000702755
      },
      "cumulative_vcpu_hours": {
        "mean": 0.0,
        "median": 0.0,
        "p90": 0.0,
        "p99": 0.0
      },
      "cumulative_memory_gib_hours": {
        "mean": 0.0,
        "median": 0.0,
        "p90": 0.0,
        "p99": 0.0
      },
      "time_weighted_node_count": {
        "mean": 29999940.0,
        "median": 29999940.0,
        "p90": 29999940.0,
        "p99": 29999940.0
      },
      "time_to_stable": {
        "mean": 0.0,
        "median": 0.0,
        "p90": 0.0,
        "p99": 0.0
      },
      "cumulative_pending_pod_seconds": {
        "mean": 59999880.0,
        "median": 59999880.0,
        "p90": 59999880.0,
        "p99": 59999880.0
      },
      "disruption_count": {
        "mean": 0.0,
        "median": 0.0,
        "p90": 0.0,
        "p99": 0.0
      },
      "disruption_seconds": {
        "mean": 0.0,
        "median": 0.0,
        "p90": 0.0,
        "p99": 0.0
      },
      "peak_node_count": {
        "mean": 1.0,
        "median": 1.0,
        "p90": 1.0,
        "p99": 1.0
      },
      "peak_cost_rate": {
        "mean": 0.384,
        "median": 0.384,
        "p90": 0.384,
        "p99": 0.384
      }
    }
  },
  "per_variant_diagnostic": {
    "least_allocated": {
      "total_cost_per_hour": {
        "mean": 0.384,
        "median": 0.384,
        "p90": 0.384,
        "p99": 0.384
      },
      "node_count": {
        "mean": 1.0,
        "median": 1.0,
        "p90": 1.0,
        "p99": 1.0
      },
      "running_pods": {
        "mean": 0.0,
        "median": 0.0,
        "p90": 0.0,
        "p99": 0.0
      },
      "pending_pods": {
        "mean": 2.0,
        "median": 2.0,
        "p90": 2.0,
        "p99": 2.0
      },
      "events_processed": {
        "mean": 1000000.0,
        "median": 1000000.0,
        "p90": 1000000.0,
        "p99": 1000000.0
      },
      "final_time": {
        "mean": 29999950.0,
        "median": 29999950.0,
        "p90": 29999950.0,
        "p99": 29999950.0
      }
    },
    "most_allocated": {
      "total_cost_per_hour": {
        "mean": 0.384,
        "median": 0.384,
        "p90": 0.384,
        "p99": 0.384
      },
      "node_count": {
        "mean": 1.0,
        "median": 1.0,
        "p90": 1.0,
        "p99": 1.0
      },
      "running_pods": {
        "mean": 0.0,
        "median": 0.0,
        "p90": 0.0,
        "p99": 0.0
      },
      "pending_pods": {
        "mean": 2.0,
        "median": 2.0,
        "p90": 2.0,
        "p99": 2.0
      },
      "events_processed": {
        "mean": 1000000.0,
        "median": 1000000.0,
        "p90": 1000000.0,
        "p99": 1000000.0
      },
      "final_time": {
        "mean": 29999950.0,
        "median": 29999950.0,
        "p90": 29999950.0,
        "p99": 29999950.0
      }
    }
  },
  "comparison": [
    {
      "metric": "cumulative_cost",
      "winner": "tie",
      "delta": 0.0,
      "effect_pct": 0.0,
      "p_value": 1.0,
      "ci_low": 0.0,
      "ci_high": 0.0
    },
    {
      "metric": "cumulative_vcpu_hours",
      "winner": "tie",
      "delta": 0.0,
      "effect_pct": 0.0,
      "p_value": 1.0,
      "ci_low": 0.0,
      "ci_high": 0.0
    },
    {
      "metric": "cumulative_memory_gib_hours",
      "winner": "tie",
      "delta": 0.0,
      "effect_pct": 0.0,
      "p_value": 1.0,
      "ci_low": 0.0,
      "ci_high": 0.0
    },
    {
      "metric": "time_weighted_node_count",
      "winner": "tie",
      "delta": 0.0,
      "effect_pct": 0.0,
      "p_value": 1.0,
      "ci_low": 0.0,
      "ci_high": 0.0
    },
    {
      "metric": "time_to_stable",
      "winner": "tie",
      "delta": 0.0,
      "effect_pct": 0.0,
      "p_value": 1.0,
      "ci_low": 0.0,
      "ci_high": 0.0
    },
    {
      "metric": "cumulative_pending_pod_seconds",
      "winner": "tie",
      "delta": 0.0,
      "effect_pct": 0.0,
      "p_value": 1.0,
      "ci_low": 0.0,
      "ci_high": 0.0
    },
    {
      "metric": "disruption_count",
      "winner": "tie",
      "delta": 0.0,
      "effect_pct": 0.0,
      "p_value": 1.0,
      "ci_low": 0.0,
      "ci_high": 0.0
    },
    {
      "metric": "disruption_seconds",
      "winner": "tie",
      "delta": 0.0,
      "effect_pct": 0.0,
      "p_value": 1.0,
      "ci_low": 0.0,
      "ci_high": 0.0
    },
    {
      "metric": "peak_node_count",
      "winner": "tie",
      "delta": 0.0,
      "effect_pct": 0.0,
      "p_value": 1.0,
      "ci_low": 0.0,
      "ci_high": 0.0
    },
    {
      "metric": "peak_cost_rate",
      "winner": "tie",
      "delta": 0.0,
      "effect_pct": 0.0,
      "p_value": 1.0,
      "ci_low": 0.0,
      "ci_high": 0.0
    }
  ],
  "comparison_diagnostic": [
    {
      "metric": "total_cost_per_hour",
      "winner": "tie",
      "delta": 0.0,
      "effect_pct": 0.0,
      "p_value": 1.0,
      "ci_low": 0.0,
      "ci_high": 0.0
    },
    {
      "metric": "node_count",
      "winner": "tie",
      "delta": 0.0,
      "effect_pct": 0.0,
      "p_value": 1.0,
      "ci_low": 0.0,
      "ci_high": 0.0
    },
    {
      "metric": "running_pods",
      "winner": "tie",
      "delta": 0.0,
      "effect_pct": 0.0,
      "p_value": 1.0,
      "ci_low": 0.0,
      "ci_high": 0.0
    },
    {
      "metric": "pending_pods",
      "winner": "tie",
      "delta": 0.0,
      "effect_pct": 0.0,
      "p_value": 1.0,
      "ci_low": 0.0,
      "ci_high": 0.0
    },
    {
      "metric": "events_processed",
      "winner": "tie",
      "delta": 0.0,
      "effect_pct": 0.0,
      "p_value": 1.0,
      "ci_low": 0.0,
      "ci_high": 0.0
    },
    {
      "metric": "final_time",
      "winner": "tie",
      "delta": 0.0,
      "effect_pct": 0.0,
      "p_value": 1.0,
      "ci_low": 0.0,
      "ci_high": 0.0
    }
  ]
}