{
  "study": "worst_case_02",
  "variants": [
    "least_allocated",
    "most_allocated"
  ],
  "runs_per_variant": 50,
  "per_variant": {
    "least_allocated": {
      "total_cost_per_hour": {
        "mean": 20.134240000000013,
        "median": 20.799000000000014,
        "p90": 25.599000000000018,
        "p99": 27.13500000000002
      },
      "node_count": {
        "mean": 54.78,
        "median": 56.5,
        "p90": 69.0,
        "p99": 73.0
      },
      "running_pods": {
        "mean": 125.2,
        "median": 132.5,
        "p90": 141.0,
        "p99": 145.0
      },
      "pending_pods": {
        "mean": 31.16,
        "median": 24.0,
        "p90": 61.0,
        "p99": 74.0
      },
      "events_processed": {
        "mean": 100000.0,
        "median": 100000.0,
        "p90": 100000.0,
        "p99": 100000.0
      },
      "final_time": {
        "mean": 1495037400000000.2,
        "median": 1495140000000001.0,
        "p90": 1495560000000001.0,
        "p99": 1495740000000001.0
      }
    },
    "most_allocated": {
      "total_cost_per_hour": {
        "mean": 20.241760000000017,
        "median": 20.799000000000014,
        "p90": 25.599000000000018,
        "p99": 27.13500000000002
      },
      "node_count": {
        "mean": 55.06,
        "median": 56.5,
        "p90": 69.0,
        "p99": 73.0
      },
      "running_pods": {
        "mean": 124.5,
        "median": 131.0,
        "p90": 141.0,
        "p99": 145.0
      },
      "pending_pods": {
        "mean": 31.88,
        "median": 25.5,
        "p90": 65.0,
        "p99": 74.0
      },
      "events_processed": {
        "mean": 100000.0,
        "median": 100000.0,
        "p90": 100000.0,
        "p99": 100000.0
      },
      "final_time": {
        "mean": 1495048800000000.2,
        "median": 1495125000000001.0,
        "p90": 1495560000000001.0,
        "p99": 1495740000000001.0
      }
    }
  },
  "comparison": [
    {
      "metric": "total_cost_per_hour",
      "winner": "least_allocated",
      "delta": -0.10752,
      "effect_pct": -0.5312,
      "p_value": 0.909289,
      "ci_low": -1.920085,
      "ci_high": 1.631582
    },
    {
      "metric": "node_count",
      "winner": "least_allocated",
      "delta": -0.28,
      "effect_pct": -0.5085,
      "p_value": 0.909267,
      "ci_low": -5.0005,
      "ci_high": 4.26
    },
    {
      "metric": "running_pods",
      "winner": "most_allocated",
      "delta": 0.7,
      "effect_pct": 0.5622,
      "p_value": 0.769017,
      "ci_low": -6.3005,
      "ci_high": 7.46
    },
    {
      "metric": "pending_pods",
      "winner": "least_allocated",
      "delta": -0.72,
      "effect_pct": -2.2585,
      "p_value": 0.755891,
      "ci_low": -7.32,
      "ci_high": 6.12
    },
    {
      "metric": "events_processed",
      "winner": "tie",
      "delta": 0.0,
      "effect_pct": 0.0,
      "p_value": 1.0,
      "ci_low": 0.0,
      "ci_high": 0.0
    },
    {
      "metric": "final_time",
      "winner": "least_allocated",
      "delta": -11400000000.0,
      "effect_pct": -0.0008,
      "p_value": 0.991741,
      "ci_low": -201000000000.0,
      "ci_high": 175200000000.0
    }
  ]
}