{
  "study": "worst_case_04",
  "variants": [
    "least_allocated",
    "most_allocated"
  ],
  "runs_per_variant": 50,
  "per_variant": {
    "least_allocated": {
      "total_cost_per_hour": {
        "mean": 22.849560000000015,
        "median": 23.679000000000016,
        "p90": 27.13500000000002,
        "p99": 27.13500000000002
      },
      "node_count": {
        "mean": 61.84,
        "median": 64.0,
        "p90": 73.0,
        "p99": 73.0
      },
      "running_pods": {
        "mean": 167.64,
        "median": 171.0,
        "p90": 176.0,
        "p99": 177.0
      },
      "pending_pods": {
        "mean": 9.36,
        "median": 6.0,
        "p90": 20.0,
        "p99": 39.0
      },
      "events_processed": {
        "mean": 100000.0,
        "median": 100000.0,
        "p90": 100000.0,
        "p99": 100000.0
      },
      "final_time": {
        "mean": 1494722400000000.2,
        "median": 1494750000000001.0,
        "p90": 1495110000000001.0,
        "p99": 1495110000000001.0
      }
    },
    "most_allocated": {
      "total_cost_per_hour": {
        "mean": 22.86832000000002,
        "median": 23.871000000000016,
        "p90": 27.13500000000002,
        "p99": 27.13500000000002
      },
      "node_count": {
        "mean": 61.9,
        "median": 64.5,
        "p90": 73.0,
        "p99": 73.0
      },
      "running_pods": {
        "mean": 167.82,
        "median": 171.0,
        "p90": 177.0,
        "p99": 177.0
      },
      "pending_pods": {
        "mean": 9.18,
        "median": 6.0,
        "p90": 20.0,
        "p99": 45.0
      },
      "events_processed": {
        "mean": 100000.0,
        "median": 100000.0,
        "p90": 100000.0,
        "p99": 100000.0
      },
      "final_time": {
        "mean": 1494725400000000.2,
        "median": 1494780000000001.0,
        "p90": 1495110000000001.0,
        "p99": 1495110000000001.0
      }
    }
  },
  "comparison": [
    {
      "metric": "total_cost_per_hour",
      "winner": "least_allocated",
      "delta": -0.01876,
      "effect_pct": -0.082,
      "p_value": 0.958366,
      "ci_low": -1.361902,
      "ci_high": 1.298907
    },
    {
      "metric": "node_count",
      "winner": "least_allocated",
      "delta": -0.06,
      "effect_pct": -0.0969,
      "p_value": 0.933401,
      "ci_low": -3.56,
      "ci_high": 3.38
    },
    {
      "metric": "running_pods",
      "winner": "least_allocated",
      "delta": -0.18,
      "effect_pct": -0.1073,
      "p_value": 0.806163,
      "ci_low": -3.92,
      "ci_high": 3.76
    },
    {
      "metric": "pending_pods",
      "winner": "most_allocated",
      "delta": 0.18,
      "effect_pct": 1.9608,
      "p_value": 0.806163,
      "ci_low": -3.76,
      "ci_high": 3.92
    },
    {
      "metric": "events_processed",
      "winner": "tie",
      "delta": 0.0,
      "effect_pct": 0.0,
      "p_value": 1.0,
      "ci_low": 0.0,
      "ci_high": 0.0
    },
    {
      "metric": "final_time",
      "winner": "least_allocated",
      "delta": -3000000000.0,
      "effect_pct": -0.0002,
      "p_value": 0.942072,
      "ci_low": -124814999999.99994,
      "ci_high": 116400000000.0
    }
  ]
}