{
  "study": "karpenter-version-comparison",
  "variants": [
    "karpenter-v0.35",
    "karpenter-v1.x"
  ],
  "runs_per_variant": 100,
  "per_variant": {
    "karpenter-v0.35": {
      "total_cost_per_hour": {
        "mean": 1.1520000000000008,
        "median": 1.1520000000000001,
        "p90": 1.1520000000000001,
        "p99": 1.1520000000000001
      },
      "node_count": {
        "mean": 2.0,
        "median": 2.0,
        "p90": 2.0,
        "p99": 2.0
      },
      "running_pods": {
        "mean": 50.76,
        "median": 52.0,
        "p90": 52.0,
        "p99": 52.0
      },
      "pending_pods": {
        "mean": 1.24,
        "median": 0.0,
        "p90": 4.0,
        "p99": 6.0
      },
      "events_processed": {
        "mean": 100000.0,
        "median": 100000.0,
        "p90": 100000.0,
        "p99": 100000.0
      },
      "final_time": {
        "mean": 2997918900000000.5,
        "median": 2997930000000001.0,
        "p90": 2997930000000001.0,
        "p99": 2997930000000001.0
      }
    },
    "karpenter-v1.x": {
      "total_cost_per_hour": {
        "mean": 1.230260000000001,
        "median": 1.1520000000000001,
        "p90": 1.322,
        "p99": 2.09
      },
      "node_count": {
        "mean": 2.39,
        "median": 2.0,
        "p90": 3.0,
        "p99": 4.0
      },
      "running_pods": {
        "mean": 52.0,
        "median": 52.0,
        "p90": 52.0,
        "p99": 52.0
      },
      "pending_pods": {
        "mean": 0.0,
        "median": 0.0,
        "p90": 0.0,
        "p99": 0.0
      },
      "events_processed": {
        "mean": 100000.0,
        "median": 100000.0,
        "p90": 100000.0,
        "p99": 100000.0
      },
      "final_time": {
        "mean": 2997906600000000.5,
        "median": 2997930000000001.0,
        "p90": 2997930000000001.0,
        "p99": 2997930000000001.0
      }
    }
  },
  "comparison": [
    {
      "metric": "total_cost_per_hour",
      "winner": "karpenter-v0.35",
      "delta": -0.07826,
      "effect_pct": -6.3613,
      "p_value": 0.0,
      "ci_low": -0.1098,
      "ci_high": -0.0527
    },
    {
      "metric": "node_count",
      "winner": "karpenter-v0.35",
      "delta": -0.39,
      "effect_pct": -16.318,
      "p_value": 0.0,
      "ci_low": -0.49,
      "ci_high": -0.29
    },
    {
      "metric": "running_pods",
      "winner": "karpenter-v0.35",
      "delta": -1.24,
      "effect_pct": -2.3846,
      "p_value": 0.0,
      "ci_low": -1.60025,
      "ci_high": -0.9
    },
    {
      "metric": "pending_pods",
      "winner": "karpenter-v1.x",
      "delta": 1.24,
      "effect_pct": 124.0,
      "p_value": 0.0,
      "ci_low": 0.9,
      "ci_high": 1.60025
    },
    {
      "metric": "events_processed",
      "winner": "tie",
      "delta": 0.0,
      "effect_pct": 0.0,
      "p_value": 1.0,
      "ci_low": 0.0,
      "ci_high": 0.0
    },
    {
      "metric": "final_time",
      "winner": "karpenter-v1.x",
      "delta": 12300000000.0,
      "effect_pct": 0.0004,
      "p_value": 0.051765,
      "ci_low": 5400000000.0,
      "ci_high": 19500000000.0
    }
  ]
}