{
  "study": "karpenter-version-comparison",
  "variants": [
    "karpenter-v0.35",
    "karpenter-v1.x"
  ],
  "runs_per_variant": 100,
  "per_variant": {
    "karpenter-v0.35": {
      "total_cost_per_hour": {
        "mean": 0.7680000000000006,
        "median": 0.768,
        "p90": 0.768,
        "p99": 0.768
      },
      "node_count": {
        "mean": 1.0,
        "median": 1.0,
        "p90": 1.0,
        "p99": 1.0
      },
      "running_pods": {
        "mean": 20.59,
        "median": 20.0,
        "p90": 23.0,
        "p99": 25.0
      },
      "pending_pods": {
        "mean": 39.85,
        "median": 40.0,
        "p90": 42.0,
        "p99": 45.0
      },
      "events_processed": {
        "mean": 100000.0,
        "median": 100000.0,
        "p90": 100000.0,
        "p99": 100000.0
      },
      "final_time": {
        "mean": 1498205400000000.2,
        "median": 1498230000000001.0,
        "p90": 1498230000000001.0,
        "p99": 1498230000000001.0
      }
    },
    "karpenter-v1.x": {
      "total_cost_per_hour": {
        "mean": 0.3840000000000003,
        "median": 0.384,
        "p90": 0.384,
        "p99": 0.384
      },
      "node_count": {
        "mean": 1.0,
        "median": 1.0,
        "p90": 1.0,
        "p99": 1.0
      },
      "running_pods": {
        "mean": 13.84,
        "median": 13.0,
        "p90": 18.0,
        "p99": 31.0
      },
      "pending_pods": {
        "mean": 47.08,
        "median": 47.0,
        "p90": 51.0,
        "p99": 52.0
      },
      "events_processed": {
        "mean": 100000.0,
        "median": 100000.0,
        "p90": 100000.0,
        "p99": 100000.0
      },
      "final_time": {
        "mean": 1498095900000000.2,
        "median": 1498110000000001.0,
        "p90": 1498170000000001.0,
        "p99": 1498170000000001.0
      }
    }
  },
  "comparison": [
    {
      "metric": "total_cost_per_hour",
      "winner": "karpenter-v1.x",
      "delta": 0.384,
      "effect_pct": 100.0,
      "p_value": 0.0,
      "ci_low": 0.384,
      "ci_high": 0.384
    },
    {
      "metric": "node_count",
      "winner": "tie",
      "delta": 0.0,
      "effect_pct": 0.0,
      "p_value": 1.0,
      "ci_low": 0.0,
      "ci_high": 0.0
    },
    {
      "metric": "running_pods",
      "winner": "karpenter-v1.x",
      "delta": 6.75,
      "effect_pct": 48.7717,
      "p_value": 0.0,
      "ci_low": 5.87975,
      "ci_high": 7.58
    },
    {
      "metric": "pending_pods",
      "winner": "karpenter-v0.35",
      "delta": -7.23,
      "effect_pct": -15.3568,
      "p_value": 0.0,
      "ci_low": -7.90025,
      "ci_high": -6.54
    },
    {
      "metric": "events_processed",
      "winner": "tie",
      "delta": 0.0,
      "effect_pct": 0.0,
      "p_value": 1.0,
      "ci_low": 0.0,
      "ci_high": 0.0
    },
    {
      "metric": "final_time",
      "winner": "karpenter-v1.x",
      "delta": 109500000000.0,
      "effect_pct": 0.0073,
      "p_value": 0.0,
      "ci_low": 94800000000.0,
      "ci_high": 124200000000.0
    }
  ]
}