{
  "study": "1ksh",
  "variants": [
    "baseline",
    "largest_first",
    "random",
    "smallest_first",
    "unallocated_vcpu"
  ],
  "runs_per_variant": 50,
  "per_variant": {
    "baseline": {
      "total_cost_per_hour": {
        "mean": 34.60932000000003,
        "median": 34.42500000000002,
        "p90": 43.065000000000026,
        "p99": 61.49700000000004
      },
      "node_count": {
        "mean": 53.02,
        "median": 53.0,
        "p90": 64.0,
        "p99": 88.0
      },
      "running_pods": {
        "mean": 118.94,
        "median": 119.0,
        "p90": 133.0,
        "p99": 152.0
      },
      "pending_pods": {
        "mean": 78.06,
        "median": 78.0,
        "p90": 92.0,
        "p99": 101.0
      },
      "events_processed": {
        "mean": 100000.0,
        "median": 100000.0,
        "p90": 100000.0,
        "p99": 100000.0
      },
      "final_time": {
        "mean": 1494892200000000.2,
        "median": 1494855000000001.0,
        "p90": 1495320000000001.0,
        "p99": 1495890000000001.0
      }
    },
    "largest_first": {
      "total_cost_per_hour": {
        "mean": 34.64004000000003,
        "median": 34.42500000000002,
        "p90": 43.065000000000026,
        "p99": 59.96100000000004
      },
      "node_count": {
        "mean": 53.08,
        "median": 53.0,
        "p90": 64.0,
        "p99": 86.0
      },
      "running_pods": {
        "mean": 119.72,
        "median": 121.5,
        "p90": 134.0,
        "p99": 158.0
      },
      "pending_pods": {
        "mean": 77.28,
        "median": 75.5,
        "p90": 92.0,
        "p99": 101.0
      },
      "events_processed": {
        "mean": 100000.0,
        "median": 100000.0,
        "p90": 100000.0,
        "p99": 100000.0
      },
      "final_time": {
        "mean": 597954400000001.1,
        "median": 597950000000002.0,
        "p90": 598120000000002.0,
        "p99": 598320000000002.0
      }
    },
    "random": {
      "total_cost_per_hour": {
        "mean": 34.64004000000003,
        "median": 34.42500000000002,
        "p90": 43.065000000000026,
        "p99": 59.96100000000004
      },
      "node_count": {
        "mean": 53.08,
        "median": 53.0,
        "p90": 64.0,
        "p99": 86.0
      },
      "running_pods": {
        "mean": 119.72,
        "median": 121.5,
        "p90": 134.0,
        "p99": 158.0
      },
      "pending_pods": {
        "mean": 77.28,
        "median": 75.5,
        "p90": 92.0,
        "p99": 101.0
      },
      "events_processed": {
        "mean": 100000.0,
        "median": 100000.0,
        "p90": 100000.0,
        "p99": 100000.0
      },
      "final_time": {
        "mean": 597954400000001.1,
        "median": 597950000000002.0,
        "p90": 598120000000002.0,
        "p99": 598320000000002.0
      }
    },
    "smallest_first": {
      "total_cost_per_hour": {
        "mean": 34.64004000000003,
        "median": 34.42500000000002,
        "p90": 43.065000000000026,
        "p99": 59.96100000000004
      },
      "node_count": {
        "mean": 53.08,
        "median": 53.0,
        "p90": 64.0,
        "p99": 86.0
      },
      "running_pods": {
        "mean": 119.72,
        "median": 121.5,
        "p90": 134.0,
        "p99": 158.0
      },
      "pending_pods": {
        "mean": 77.28,
        "median": 75.5,
        "p90": 92.0,
        "p99": 101.0
      },
      "events_processed": {
        "mean": 100000.0,
        "median": 100000.0,
        "p90": 100000.0,
        "p99": 100000.0
      },
      "final_time": {
        "mean": 597954400000001.1,
        "median": 597950000000002.0,
        "p90": 598120000000002.0,
        "p99": 598320000000002.0
      }
    },
    "unallocated_vcpu": {
      "total_cost_per_hour": {
        "mean": 34.64004000000003,
        "median": 34.42500000000002,
        "p90": 43.065000000000026,
        "p99": 59.96100000000004
      },
      "node_count": {
        "mean": 53.08,
        "median": 53.0,
        "p90": 64.0,
        "p99": 86.0
      },
      "running_pods": {
        "mean": 119.72,
        "median": 121.5,
        "p90": 134.0,
        "p99": 158.0
      },
      "pending_pods": {
        "mean": 77.28,
        "median": 75.5,
        "p90": 92.0,
        "p99": 101.0
      },
      "events_processed": {
        "mean": 100000.0,
        "median": 100000.0,
        "p90": 100000.0,
        "p99": 100000.0
      },
      "final_time": {
        "mean": 597954400000001.1,
        "median": 597950000000002.0,
        "p90": 598120000000002.0,
        "p99": 598320000000002.0
      }
    }
  }
}