{
  "study": "chaos-000",
  "variants": [
    "baseline",
    "largest_first",
    "random",
    "smallest_first",
    "unallocated_vcpu"
  ],
  "runs_per_variant": 5,
  "per_variant": {
    "baseline": {
      "cumulative_cost": {
        "mean": 5666.5884666641105,
        "median": 5666.587333330777,
        "p90": 5666.592999997444,
        "p99": 5666.592999997444
      },
      "cumulative_vcpu_hours": {
        "mean": 123636.6278448285,
        "median": 131531.6233998785,
        "p90": 132889.67329281947,
        "p99": 132889.67329281947
      },
      "cumulative_memory_gib_hours": {
        "mean": 196311.8072793966,
        "median": 194613.80516202006,
        "p90": 266608.8333735109,
        "p99": 266608.8333735109
      },
      "time_weighted_node_count": {
        "mean": 29999586.0,
        "median": 29999580.0,
        "p90": 29999610.0,
        "p99": 29999610.0
      },
      "time_to_stable": {
        "mean": 0.0,
        "median": 0.0,
        "p90": 0.0,
        "p99": 0.0
      },
      "cumulative_pending_pod_seconds": {
        "mean": 13391815278.0,
        "median": 13469824890.0,
        "p90": 13529810580.0,
        "p99": 13529810580.0
      },
      "disruption_count": {
        "mean": 0.0,
        "median": 0.0,
        "p90": 0.0,
        "p99": 0.0
      },
      "disruption_seconds": {
        "mean": 0.0,
        "median": 0.0,
        "p90": 0.0,
        "p99": 0.0
      },
      "peak_node_count": {
        "mean": 1.0,
        "median": 1.0,
        "p90": 1.0,
        "p99": 1.0
      },
      "peak_cost_rate": {
        "mean": 0.68,
        "median": 0.68,
        "p90": 0.68,
        "p99": 0.68
      }
    },
    "largest_first": {
      "cumulative_cost": {
        "mean": 1416.6440000034127,
        "median": 1416.6440000034127,
        "p90": 1416.6440000034127,
        "p99": 1416.6440000034127
      },
      "cumulative_vcpu_hours": {
        "mean": 30909.088779969763,
        "median": 32882.80719997163,
        "p90": 33222.38510015167,
        "p99": 33222.38510015167
      },
      "cumulative_memory_gib_hours": {
        "mean": 49077.837405042774,
        "median": 48653.30532790475,
        "p90": 66652.00838349876,
        "p99": 66652.00838349876
      },
      "time_weighted_node_count": {
        "mean": 7499880.0,
        "median": 7499880.0,
        "p90": 7499880.0,
        "p99": 7499880.0
      },
      "time_to_stable": {
        "mean": 0.0,
        "median": 0.0,
        "p90": 0.0,
        "p99": 0.0
      },
      "cumulative_pending_pod_seconds": {
        "mean": 3347946432.0,
        "median": 3367446120.0,
        "p90": 3382445880.0,
        "p99": 3382445880.0
      },
      "disruption_count": {
        "mean": 0.0,
        "median": 0.0,
        "p90": 0.0,
        "p99": 0.0
      },
      "disruption_seconds": {
        "mean": 0.0,
        "median": 0.0,
        "p90": 0.0,
        "p99": 0.0
      },
      "peak_node_count": {
        "mean": 1.0,
        "median": 1.0,
        "p90": 1.0,
        "p99": 1.0
      },
      "peak_cost_rate": {
        "mean": 0.68,
        "median": 0.68,
        "p90": 0.68,
        "p99": 0.68
      }
    },
    "random": {
      "cumulative_cost": {
        "mean": 1416.6440000034127,
        "median": 1416.6440000034127,
        "p90": 1416.6440000034127,
        "p99": 1416.6440000034127
      },
      "cumulative_vcpu_hours": {
        "mean": 30909.088779969763,
        "median": 32882.80719997163,
        "p90": 33222.38510015167,
        "p99": 33222.38510015167
      },
      "cumulative_memory_gib_hours": {
        "mean": 49077.83740504277,
        "median": 48653.30532790475,
        "p90": 66652.00838349876,
        "p99": 66652.00838349876
      },
      "time_weighted_node_count": {
        "mean": 7499880.0,
        "median": 7499880.0,
        "p90": 7499880.0,
        "p99": 7499880.0
      },
      "time_to_stable": {
        "mean": 0.0,
        "median": 0.0,
        "p90": 0.0,
        "p99": 0.0
      },
      "cumulative_pending_pod_seconds": {
        "mean": 3347946432.0,
        "median": 3367446120.0,
        "p90": 3382445880.0,
        "p99": 3382445880.0
      },
      "disruption_count": {
        "mean": 0.0,
        "median": 0.0,
        "p90": 0.0,
        "p99": 0.0
      },
      "disruption_seconds": {
        "mean": 0.0,
        "median": 0.0,
        "p90": 0.0,
        "p99": 0.0
      },
      "peak_node_count": {
        "mean": 1.0,
        "median": 1.0,
        "p90": 1.0,
        "p99": 1.0
      },
      "peak_cost_rate": {
        "mean": 0.68,
        "median": 0.68,
        "p90": 0.68,
        "p99": 0.68
      }
    },
    "smallest_first": {
      "cumulative_cost": {
        "mean": 1416.6440000034127,
        "median": 1416.6440000034127,
        "p90": 1416.6440000034127,
        "p99": 1416.6440000034127
      },
      "cumulative_vcpu_hours": {
        "mean": 30909.088779969763,
        "median": 32882.80719997163,
        "p90": 33222.38510015167,
        "p99": 33222.38510015167
      },
      "cumulative_memory_gib_hours": {
        "mean": 49077.837405042774,
        "median": 48653.30532790475,
        "p90": 66652.00838349876,
        "p99": 66652.00838349876
      },
      "time_weighted_node_count": {
        "mean": 7499880.0,
        "median": 7499880.0,
        "p90": 7499880.0,
        "p99": 7499880.0
      },
      "time_to_stable": {
        "mean": 0.0,
        "median": 0.0,
        "p90": 0.0,
        "p99": 0.0
      },
      "cumulative_pending_pod_seconds": {
        "mean": 3347946432.0,
        "median": 3367446120.0,
        "p90": 3382445880.0,
        "p99": 3382445880.0
      },
      "disruption_count": {
        "mean": 0.0,
        "median": 0.0,
        "p90": 0.0,
        "p99": 0.0
      },
      "disruption_seconds": {
        "mean": 0.0,
        "median": 0.0,
        "p90": 0.0,
        "p99": 0.0
      },
      "peak_node_count": {
        "mean": 1.0,
        "median": 1.0,
        "p90": 1.0,
        "p99": 1.0
      },
      "peak_cost_rate": {
        "mean": 0.68,
        "median": 0.68,
        "p90": 0.68,
        "p99": 0.68
      }
    },
    "unallocated_vcpu": {
      "cumulative_cost": {
        "mean": 1416.6440000034127,
        "median": 1416.6440000034127,
        "p90": 1416.6440000034127,
        "p99": 1416.6440000034127
      },
      "cumulative_vcpu_hours": {
        "mean": 30909.088779969763,
        "median": 32882.80719997163,
        "p90": 33222.38510015167,
        "p99": 33222.38510015167
      },
      "cumulative_memory_gib_hours": {
        "mean": 49077.83740504277,
        "median": 48653.30532790475,
        "p90": 66652.00838349876,
        "p99": 66652.00838349876
      },
      "time_weighted_node_count": {
        "mean": 7499880.0,
        "median": 7499880.0,
        "p90": 7499880.0,
        "p99": 7499880.0
      },
      "time_to_stable": {
        "mean": 0.0,
        "median": 0.0,
        "p90": 0.0,
        "p99": 0.0
      },
      "cumulative_pending_pod_seconds": {
        "mean": 3347946432.0,
        "median": 3367446120.0,
        "p90": 3382445880.0,
        "p99": 3382445880.0
      },
      "disruption_count": {
        "mean": 0.0,
        "median": 0.0,
        "p90": 0.0,
        "p99": 0.0
      },
      "disruption_seconds": {
        "mean": 0.0,
        "median": 0.0,
        "p90": 0.0,
        "p99": 0.0
      },
      "peak_node_count": {
        "mean": 1.0,
        "median": 1.0,
        "p90": 1.0,
        "p99": 1.0
      },
      "peak_cost_rate": {
        "mean": 0.68,
        "median": 0.68,
        "p90": 0.68,
        "p99": 0.68
      }
    }
  },
  "per_variant_diagnostic": {
    "baseline": {
      "total_cost_per_hour": {
        "mean": 0.68,
        "median": 0.68,
        "p90": 0.68,
        "p99": 0.68
      },
      "node_count": {
        "mean": 1.0,
        "median": 1.0,
        "p90": 1.0,
        "p99": 1.0
      },