{
  "study": "deletion-cost-ranking-comparison",
  "variants": [
    "baseline",
    "largest_first",
    "random",
    "smallest_first",
    "unallocated_vcpu"
  ],
  "runs_per_variant": 100,
  "per_variant": {
    "baseline": {
      "total_cost_per_hour": {
        "mean": 2.282440000000003,
        "median": 2.2819999999999996,
        "p90": 2.2819999999999996,
        "p99": 2.304
      },
      "node_count": {
        "mean": 7.0,
        "median": 7.0,
        "p90": 7.0,
        "p99": 7.0
      },
      "running_pods": {
        "mean": 72.67,
        "median": 73.0,
        "p90": 76.0,
        "p99": 79.0
      },
      "pending_pods": {
        "mean": 0.0,
        "median": 0.0,
        "p90": 0.0,
        "p99": 0.0
      },
      "events_processed": {
        "mean": 100000.0,
        "median": 100000.0,
        "p90": 100000.0,
        "p99": 100000.0
      },
      "final_time": {
        "mean": 2998039500000000.5,
        "median": 2998020000000001.0,
        "p90": 2998170000000001.0,
        "p99": 2998200000000001.0
      }
    },
    "largest_first": {
      "total_cost_per_hour": {
        "mean": 2.282440000000003,
        "median": 2.2819999999999996,
        "p90": 2.2819999999999996,
        "p99": 2.304
      },
      "node_count": {
        "mean": 7.0,
        "median": 7.0,
        "p90": 7.0,
        "p99": 7.0
      },
      "running_pods": {
        "mean": 72.67,
        "median": 73.0,
        "p90": 76.0,
        "p99": 79.0
      },
      "pending_pods": {
        "mean": 0.0,
        "median": 0.0,
        "p90": 0.0,
        "p99": 0.0
      },
      "events_processed": {
        "mean": 100000.0,
        "median": 100000.0,
        "p90": 100000.0,
        "p99": 100000.0
      },
      "final_time": {
        "mean": 749505900000000.0,
        "median": 749500000000000.0,
        "p90": 749540000000000.0,
        "p99": 749550000000000.0
      }
    },
    "random": {
      "total_cost_per_hour": {
        "mean": 2.282440000000003,
        "median": 2.2819999999999996,
        "p90": 2.2819999999999996,
        "p99": 2.304
      },
      "node_count": {
        "mean": 7.0,
        "median": 7.0,
        "p90": 7.0,
        "p99": 7.0
      },
      "running_pods": {
        "mean": 72.67,
        "median": 73.0,
        "p90": 76.0,
        "p99": 79.0
      },
      "pending_pods": {
        "mean": 0.0,
        "median": 0.0,
        "p90": 0.0,
        "p99": 0.0
      },
      "events_processed": {
        "mean": 100000.0,
        "median": 100000.0,
        "p90": 100000.0,
        "p99": 100000.0
      },
      "final_time": {
        "mean": 749505900000000.0,
        "median": 749500000000000.0,
        "p90": 749540000000000.0,
        "p99": 749550000000000.0
      }
    },
    "smallest_first": {
      "total_cost_per_hour": {
        "mean": 2.282440000000003,
        "median": 2.2819999999999996,
        "p90": 2.2819999999999996,
        "p99": 2.304
      },
      "node_count": {
        "mean": 7.0,
        "median": 7.0,
        "p90": 7.0,
        "p99": 7.0
      },
      "running_pods": {
        "mean": 72.67,
        "median": 73.0,
        "p90": 76.0,
        "p99": 79.0
      },
      "pending_pods": {
        "mean": 0.0,
        "median": 0.0,
        "p90": 0.0,
        "p99": 0.0
      },
      "events_processed": {
        "mean": 100000.0,
        "median": 100000.0,
        "p90": 100000.0,
        "p99": 100000.0
      },
      "final_time": {
        "mean": 749505900000000.0,
        "median": 749500000000000.0,
        "p90": 749540000000000.0,
        "p99": 749550000000000.0
      }
    },
    "unallocated_vcpu": {
      "total_cost_per_hour": {
        "mean": 2.282440000000003,
        "median": 2.2819999999999996,
        "p90": 2.2819999999999996,
        "p99": 2.304
      },
      "node_count": {
        "mean": 7.0,
        "median": 7.0,
        "p90": 7.0,
        "p99": 7.0
      },
      "running_pods": {
        "mean": 72.67,
        "median": 73.0,
        "p90": 76.0,
        "p99": 79.0
      },
      "pending_pods": {
        "mean": 0.0,
        "median": 0.0,
        "p90": 0.0,
        "p99": 0.0
      },
      "events_processed": {
        "mean": 100000.0,
        "median": 100000.0,
        "p90": 100000.0,
        "p99": 100000.0
      },
      "final_time": {
        "mean": 749505900000000.0,
        "median": 749500000000000.0,
        "p90": 749540000000000.0,
        "p99": 749550000000000.0
      }
    }
  }
}