{
  "study": "d7-6xc",
  "variants": [
    "karpenter-v0.35",
    "karpenter-v1.x"
  ],
  "runs_per_variant": 50,
  "per_variant": {
    "karpenter-v0.35": {
      "total_cost_per_hour": {
        "mean": 6.983839999999999,
        "median": 7.004,
        "p90": 8.011999999999999,
        "p99": 9.019999999999998
      },
      "node_count": {
        "mean": 24.96,
        "median": 25.0,
        "p90": 27.0,
        "p99": 29.0
      },
      "running_pods": {
        "mean": 264.32,
        "median": 263.0,
        "p90": 280.0,
        "p99": 308.0
      },
      "pending_pods": {
        "mean": 193.88,
        "median": 195.5,
        "p90": 216.0,
        "p99": 227.0
      },
      "events_processed": {
        "mean": 100000.0,
        "median": 100000.0,
        "p90": 100000.0,
        "p99": 100000.0
      },
      "final_time": {
        "mean": 1493596200000000.2,
        "median": 1493580000000001.0,
        "p90": 1493670000000001.0,
        "p99": 1493790000000001.0
      }
    },
    "karpenter-v1.x": {
      "total_cost_per_hour": {
        "mean": 6.983839999999999,
        "median": 7.004,
        "p90": 8.011999999999999,
        "p99": 9.019999999999998
      },
      "node_count": {
        "mean": 24.96,
        "median": 25.0,
        "p90": 27.0,
        "p99": 29.0
      },
      "running_pods": {
        "mean": 275.18,
        "median": 276.0,
        "p90": 302.0,
        "p99": 313.0
      },
      "pending_pods": {
        "mean": 183.02,
        "median": 183.0,
        "p90": 202.0,
        "p99": 219.0
      },
      "events_processed": {
        "mean": 100000.0,
        "median": 100000.0,
        "p90": 100000.0,
        "p99": 100000.0
      },
      "final_time": {
        "mean": 1493272200000000.2,
        "median": 1493235000000001.0,
        "p90": 1493670000000001.0,
        "p99": 1493790000000001.0
      }
    }
  },
  "comparison": [
    {
      "metric": "total_cost_per_hour",
      "winner": "tie",
      "delta": 0.0,
      "effect_pct": 0.0,
      "p_value": 1.0,
      "ci_low": -0.373212,
      "ci_high": 0.4032
    },
    {
      "metric": "node_count",
      "winner": "tie",
      "delta": 0.0,
      "effect_pct": 0.0,
      "p_value": 1.0,
      "ci_low": -0.7405,
      "ci_high": 0.8
    },
    {
      "metric": "running_pods",
      "winner": "karpenter-v0.35",
      "delta": -10.86,
      "effect_pct": -3.9465,
      "p_value": 0.002464,
      "ci_low": -17.56,
      "ci_high": -4.12
    },
    {
      "metric": "pending_pods",
      "winner": "karpenter-v1.x",
      "delta": 10.86,
      "effect_pct": 5.9338,
      "p_value": 0.002094,
      "ci_low": 4.24,
      "ci_high": 17.441
    },
    {
      "metric": "events_processed",
      "winner": "tie",
      "delta": 0.0,
      "effect_pct": 0.0,
      "p_value": 1.0,
      "ci_low": 0.0,
      "ci_high": 0.0
    },
    {
      "metric": "final_time",
      "winner": "karpenter-v1.x",
      "delta": 324000000000.0,
      "effect_pct": 0.0217,
      "p_value": 1e-06,
      "ci_low": 237000000000.0,
      "ci_high": 413400000000.0
    }
  ]
}